t,i=3,IO:4|1,IO:4|4,IO:4|7,IO:4|10,IO:4|13,IO:4|16,IO:4|19,OQ:EXT|-7,IS:EXT|-7,RM:-7,OS:4|1,OS:4|4,OS:4|7,OS:4|10,OS:4|13,OS:4|16,OS:4|19,IL:1,IL:4,IL:7,IL:10,IL:13,IL:16,IL:19,HC,SC,ITHC,TC,i=4,OQ:EXT|-9,OQ:3|1,OQ:3|4,OQ:3|7,OQ:3|10,OQ:3|13,OQ:3|16,OQ:3|19,IS:EXT|-9,IS:3|1,IS:3|4,IS:3|7,IS:3|10,IS:3|13,IS:3|16,IS:3|19,RM:-9,RM:1,RM:4,RM:7,RM:10,RM:13,RM:16,RM:19,IL:1,IL:4,IL:7,IL:10,IL:13,IL:16,IL:19,HC,SC,ITHC,TC
0,,0.0,0.0,0.0,0.0,0.0,0.0,0.0,0.0,0.0,0.0,0.0,0.0,0.0,0.0,0.0,0.0,0.0,73161.0,35666.0,7741.0,27071.0,682.0,272.0,723.0,94455.40000000001,0,0.0,94455.40000000001,,0.0,0.0,0.0,0.0,0.0,0.0,0.0,0.0,0.0,0.0,0.0,0.0,0.0,0.0,0.0,0.0,0.0,0.0,0.0,0.0,0.0,0.0,0.0,0.0,73161.0,35666.0,7741.0,27071.0,682.0,272.0,723.0,108987.0,0,0.0,108987.0
1,,0.0,0.0,0.0,0.0,0.0,0.0,0.0,0.0,0.0,0.0,0.0,0.0,0.0,0.0,0.0,0.0,0.0,73161.0,35666.0,7741.0,27071.0,682.0,272.0,723.0,94455.40000000001,0,0.0,94455.40000000001,,0.0,0.0,0.0,0.0,0.0,0.0,0.0,0.0,0.0,0.0,0.0,0.0,0.0,0.0,0.0,0.0,0.0,0.0,0.0,0.0,0.0,0.0,0.0,0.0,73161.0,35666.0,7741.0,27071.0,682.0,272.0,723.0,108987.0,0,0.0,108987.0
2,,0.0,0.0,0.0,0.0,0.0,0.0,0.0,0.0,0.0,0.0,0.0,0.0,0.0,0.0,0.0,0.0,0.0,73161.0,35666.0,7741.0,27071.0,682.0,272.0,723.0,94455.40000000001,0,0.0,94455.40000000001,,0.0,0.0,0.0,0.0,0.0,0.0,0.0,0.0,0.0,0.0,0.0,0.0,0.0,0.0,0.0,0.0,0.0,0.0,0.0,0.0,0.0,0.0,0.0,0.0,73161.0,35666.0,7741.0,27071.0,682.0,272.0,723.0,108987.0,0,0.0,108987.0
3,,0.0,0.0,0.0,0.0,0.0,0.0,0.0,0.0,0.0,0.0,0.0,0.0,0.0,0.0,0.0,0.0,0.0,73161.0,35666.0,7741.0,27071.0,682.0,272.0,723.0,94455.40000000001,0,0.0,94455.40000000001,,0.0,0.0,0.0,0.0,0.0,0.0,0.0,0.0,0.0,0.0,0.0,0.0,0.0,0.0,0.0,0.0,0.0,0.0,0.0,0.0,0.0,0.0,0.0,0.0,73161.0,35666.0,7741.0,27071.0,682.0,272.0,723.0,108987.0,0,0.0,108987.0
4,,0.0,0.0,0.0,0.0,0.0,0.0,0.0,0.0,0.0,0.0,0.0,0.0,0.0,0.0,0.0,0.0,0.0,73161.0,35666.0,7741.0,27071.0,682.0,272.0,723.0,94455.40000000001,0,0.0,94455.40000000001,,0.0,0.0,0.0,0.0,0.0,0.0,0.0,0.0,0.0,0.0,0.0,0.0,0.0,0.0,0.0,0.0,0.0,0.0,0.0,0.0,0.0,0.0,0.0,0.0,73161.0,35666.0,7741.0,27071.0,682.0,272.0,723.0,108987.0,0,0.0,108987.0
5,,0.0,0.0,0.0,0.0,0.0,0.0,0.0,0.0,0.0,0.0,0.0,0.0,0.0,0.0,0.0,0.0,0.0,73161.0,35666.0,7741.0,27071.0,682.0,272.0,723.0,94455.40000000001,0,0.0,94455.40000000001,,0.0,0.0,0.0,0.0,0.0,0.0,0.0,0.0,0.0,0.0,0.0,0.0,0.0,0.0,0.0,0.0,0.0,0.0,0.0,0.0,0.0,0.0,0.0,0.0,73161.0,35666.0,7741.0,27071.0,682.0,272.0,723.0,108987.0,0,0.0,108987.0
6,,0.0,0.0,0.0,0.0,0.0,0.0,0.0,0.0,0.0,0.0,0.0,0.0,0.0,0.0,0.0,0.0,0.0,73161.0,35666.0,7741.0,27071.0,682.0,272.0,723.0,94455.40000000001,0,0.0,94455.40000000001,,0.0,0.0,0.0,0.0,0.0,0.0,0.0,0.0,0.0,0.0,0.0,0.0,0.0,0.0,0.0,0.0,0.0,0.0,0.0,0.0,0.0,0.0,0.0,0.0,73161.0,35666.0,7741.0,27071.0,682.0,272.0,723.0,108987.0,0,0.0,108987.0
7,,0.0,0.0,0.0,0.0,0.0,0.0,0.0,0.0,0.0,0.0,0.0,0.0,0.0,0.0,0.0,0.0,0.0,73161.0,35666.0,7741.0,27071.0,682.0,272.0,723.0,94455.40000000001,0,0.0,94455.40000000001,,0.0,0.0,0.0,0.0,0.0,0.0,0.0,0.0,0.0,0.0,0.0,0.0,0.0,0.0,0.0,0.0,0.0,0.0,0.0,0.0,0.0,0.0,0.0,0.0,73161.0,35666.0,7741.0,27071.0,682.0,272.0,723.0,108987.0,0,0.0,108987.0
8,,0.0,0.0,0.0,0.0,0.0,0.0,0.0,0.0,0.0,0.0,0.0,0.0,0.0,0.0,0.0,0.0,0.0,73161.0,35666.0,7741.0,27071.0,682.0,272.0,723.0,94455.40000000001,0,0.0,94455.40000000001,,0.0,0.0,0.0,0.0,0.0,0.0,0.0,0.0,0.0,0.0,0.0,0.0,0.0,0.0,0.0,0.0,0.0,0.0,0.0,0.0,0.0,0.0,0.0,0.0,73161.0,35666.0,7741.0,27071.0,682.0,272.0,723.0,108987.0,0,0.0,108987.0
9,,0.0,0.0,0.0,0.0,0.0,0.0,0.0,0.0,0.0,0.0,0.0,0.0,0.0,0.0,0.0,0.0,0.0,73161.0,35666.0,7741.0,27071.0,682.0,272.0,723.0,94455.40000000001,0,0.0,94455.40000000001,,0.0,0.0,0.0,0.0,0.0,0.0,0.0,0.0,0.0,0.0,0.0,0.0,0.0,0.0,0.0,0.0,0.0,0.0,0.0,0.0,0.0,0.0,0.0,0.0,73161.0,35666.0,7741.0,27071.0,682.0,272.0,723.0,108987.0,0,0.0,108987.0
10,,0.0,0.0,0.0,0.0,0.0,0.0,0.0,0.0,0.0,0.0,0.0,0.0,0.0,0.0,0.0,0.0,0.0,73161.0,35666.0,7741.0,27071.0,682.0,272.0,723.0,94455.40000000001,0,0.0,94455.40000000001,,0.0,0.0,0.0,0.0,0.0,0.0,0.0,0.0,0.0,0.0,0.0,0.0,0.0,0.0,0.0,0.0,0.0,0.0,0.0,0.0,0.0,0.0,0.0,0.0,73161.0,35666.0,7741.0,27071.0,682.0,272.0,723.0,108987.0,0,0.0,108987.0
11,,0.0,0.0,0.0,0.0,0.0,0.0,0.0,0.0,0.0,0.0,0.0,0.0,0.0,0.0,0.0,0.0,0.0,73161.0,35666.0,7741.0,27071.0,682.0,272.0,723.0,94455.40000000001,0,0.0,94455.40000000001,,0.0,0.0,0.0,0.0,0.0,0.0,0.0,0.0,0.0,0.0,0.0,0.0,0.0,0.0,0.0,0.0,0.0,0.0,0.0,0.0,0.0,0.0,0.0,0.0,73161.0,35666.0,7741.0,27071.0,682.0,272.0,723.0,108987.0,0,0.0,108987.0
12,,0.0,0.0,0.0,0.0,0.0,0.0,0.0,0.0,0.0,0.0,0.0,0.0,0.0,0.0,0.0,0.0,0.0,73161.0,35666.0,7741.0,27071.0,682.0,272.0,723.0,94455.40000000001,0,0.0,94455.40000000001,,0.0,0.0,0.0,0.0,0.0,0.0,0.0,0.0,0.0,0.0,0.0,0.0,0.0,0.0,0.0,0.0,0.0,0.0,0.0,0.0,0.0,0.0,0.0,0.0,73161.0,35666.0,7741.0,27071.0,682.0,272.0,723.0,108987.0,0,0.0,108987.0
13,,0.0,0.0,0.0,0.0,0.0,0.0,0.0,0.0,0.0,0.0,0.0,0.0,0.0,0.0,0.0,0.0,0.0,73161.0,35666.0,7741.0,27071.0,682.0,272.0,723.0,94455.40000000001,0,0.0,94455.40000000001,,0.0,0.0,0.0,0.0,0.0,0.0,0.0,0.0,0.0,0.0,0.0,0.0,0.0,0.0,0.0,0.0,0.0,0.0,0.0,0.0,0.0,0.0,0.0,0.0,73161.0,35666.0,7741.0,27071.0,682.0,272.0,723.0,108987.0,0,0.0,108987.0
14,,0.0,0.0,0.0,0.0,0.0,0.0,0.0,0.0,0.0,0.0,0.0,0.0,0.0,0.0,0.0,0.0,0.0,73161.0,35666.0,7741.0,27071.0,682.0,272.0,723.0,94455.40000000001,0,0.0,94455.40000000001,,0.0,0.0,0.0,0.0,0.0,0.0,0.0,0.0,0.0,0.0,0.0,0.0,0.0,0.0,0.0,0.0,0.0,0.0,0.0,0.0,0.0,0.0,0.0,0.0,73161.0,35666.0,7741.0,27071.0,682.0,272.0,723.0,108987.0,0,0.0,108987.0
15,,0.0,0.0,0.0,0.0,0.0,0.0,0.0,0.0,0.0,0.0,0.0,0.0,0.0,0.0,0.0,0.0,0.0,73161.0,35666.0,7741.0,27071.0,682.0,272.0,723.0,94455.40000000001,0,0.0,94455.40000000001,,0.0,0.0,0.0,0.0,0.0,0.0,0.0,0.0,0.0,0.0,0.0,0.0,0.0,0.0,0.0,0.0,0.0,0.0,0.0,0.0,0.0,0.0,0.0,0.0,73161.0,35666.0,7741.0,27071.0,682.0,272.0,723.0,108987.0,0,0.0,108987.0
16,,0.0,0.0,0.0,0.0,0.0,0.0,0.0,0.0,0.0,0.0,0.0,0.0,0.0,0.0,0.0,0.0,0.0,73161.0,35666.0,7741.0,27071.0,682.0,272.0,723.0,94455.40000000001,0,0.0,94455.40000000001,,0.0,0.0,0.0,0.0,0.0,0.0,0.0,0.0,0.0,0.0,0.0,0.0,0.0,0.0,0.0,0.0,0.0,0.0,0.0,0.0,0.0,0.0,0.0,0.0,73161.0,35666.0,7741.0,27071.0,682.0,272.0,723.0,108987.0,0,0.0,108987.0
17,,0.0,0.0,0.0,0.0,0.0,0.0,0.0,0.0,0.0,0.0,0.0,0.0,0.0,0.0,0.0,0.0,0.0,73161.0,35666.0,7741.0,27071.0,682.0,272.0,723.0,94455.40000000001,0,0.0,94455.40000000001,,0.0,0.0,0.0,0.0,0.0,0.0,0.0,0.0,0.0,0.0,0.0,0.0,0.0,0.0,0.0,0.0,0.0,0.0,0.0,0.0,0.0,0.0,0.0,0.0,73161.0,35666.0,7741.0,27071.0,682.0,272.0,723.0,108987.0,0,0.0,108987.0
18,,0.0,0.0,0.0,0.0,0.0,0.0,0.0,0.0,0.0,0.0,0.0,0.0,0.0,0.0,0.0,0.0,0.0,73161.0,35666.0,7741.0,27071.0,682.0,272.0,723.0,94455.40000000001,0,0.0,94455.40000000001,,0.0,0.0,0.0,0.0,0.0,0.0,0.0,0.0,0.0,0.0,0.0,0.0,0.0,0.0,0.0,0.0,0.0,0.0,0.0,0.0,0.0,0.0,0.0,0.0,73161.0,35666.0,7741.0,27071.0,682.0,272.0,723.0,108987.0,0,0.0,108987.0
19,,0.0,0.0,0.0,0.0,0.0,0.0,0.0,0.0,0.0,0.0,0.0,0.0,0.0,0.0,0.0,0.0,0.0,73161.0,35666.0,7741.0,27071.0,682.0,272.0,723.0,94455.40000000001,0,0.0,94455.40000000001,,0.0,0.0,0.0,0.0,0.0,0.0,0.0,0.0,0.0,0.0,0.0,0.0,0.0,0.0,0.0,0.0,0.0,0.0,0.0,0.0,0.0,0.0,0.0,0.0,73161.0,35666.0,7741.0,27071.0,682.0,272.0,723.0,108987.0,0,0.0,108987.0
20,,0.0,0.0,0.0,0.0,0.0,0.0,0.0,0.0,0.0,0.0,0.0,0.0,0.0,0.0,0.0,0.0,0.0,73161.0,35666.0,7741.0,27071.0,682.0,272.0,723.0,94455.40000000001,0,0.0,94455.40000000001,,0.0,0.0,0.0,0.0,0.0,0.0,0.0,0.0,0.0,0.0,0.0,0.0,0.0,0.0,0.0,0.0,0.0,0.0,0.0,0.0,0.0,0.0,0.0,0.0,73161.0,35666.0,7741.0,27071.0,682.0,272.0,723.0,108987.0,0,0.0,108987.0
21,,0.0,0.0,0.0,0.0,0.0,0.0,0.0,0.0,0.0,0.0,0.0,0.0,0.0,0.0,0.0,0.0,0.0,73161.0,35666.0,7741.0,27071.0,682.0,272.0,723.0,94455.40000000001,0,0.0,94455.40000000001,,0.0,0.0,0.0,0.0,0.0,0.0,0.0,0.0,0.0,0.0,0.0,0.0,0.0,0.0,0.0,0.0,0.0,0.0,0.0,0.0,0.0,0.0,0.0,0.0,73161.0,35666.0,7741.0,27071.0,682.0,272.0,723.0,108987.0,0,0.0,108987.0
22,,0.0,0.0,0.0,0.0,0.0,0.0,0.0,0.0,0.0,0.0,0.0,0.0,0.0,0.0,0.0,0.0,0.0,73161.0,35666.0,7741.0,27071.0,682.0,272.0,723.0,94455.40000000001,0,0.0,94455.40000000001,,0.0,0.0,0.0,0.0,0.0,0.0,0.0,0.0,0.0,0.0,0.0,0.0,0.0,0.0,0.0,0.0,0.0,0.0,0.0,0.0,0.0,0.0,0.0,0.0,73161.0,35666.0,7741.0,27071.0,682.0,272.0,723.0,108987.0,0,0.0,108987.0
23,,0.0,0.0,0.0,0.0,0.0,0.0,0.0,0.0,0.0,0.0,0.0,0.0,0.0,0.0,0.0,0.0,0.0,73161.0,35666.0,7741.0,27071.0,682.0,272.0,723.0,94455.40000000001,0,0.0,94455.40000000001,,0.0,0.0,0.0,0.0,0.0,0.0,0.0,0.0,0.0,0.0,0.0,0.0,0.0,0.0,0.0,0.0,0.0,0.0,0.0,0.0,0.0,0.0,0.0,0.0,73161.0,35666.0,7741.0,27071.0,682.0,272.0,723.0,108987.0,0,0.0,108987.0
24,,0.0,0.0,0.0,0.0,0.0,0.0,0.0,0.0,0.0,0.0,0.0,0.0,0.0,0.0,0.0,0.0,0.0,73161.0,35666.0,7741.0,27071.0,682.0,272.0,723.0,94455.40000000001,0,0.0,94455.40000000001,,0.0,0.0,0.0,0.0,0.0,0.0,0.0,0.0,0.0,0.0,0.0,0.0,0.0,0.0,0.0,0.0,0.0,0.0,0.0,0.0,0.0,0.0,0.0,0.0,73161.0,35666.0,7741.0,27071.0,682.0,272.0,723.0,108987.0,0,0.0,108987.0
25,,0.0,0.0,0.0,0.0,0.0,0.0,0.0,0.0,0.0,0.0,0.0,0.0,0.0,0.0,0.0,0.0,0.0,73161.0,35666.0,7741.0,27071.0,682.0,272.0,723.0,94455.40000000001,0,0.0,94455.40000000001,,0.0,0.0,0.0,0.0,0.0,0.0,0.0,0.0,0.0,0.0,0.0,0.0,0.0,0.0,0.0,0.0,0.0,0.0,0.0,0.0,0.0,0.0,0.0,0.0,73161.0,35666.0,7741.0,27071.0,682.0,272.0,723.0,108987.0,0,0.0,108987.0
26,,0.0,0.0,0.0,0.0,0.0,0.0,0.0,0.0,0.0,0.0,0.0,0.0,0.0,0.0,0.0,0.0,0.0,73161.0,35666.0,7741.0,27071.0,682.0,272.0,723.0,94455.40000000001,0,0.0,94455.40000000001,,0.0,0.0,0.0,0.0,0.0,0.0,0.0,0.0,0.0,0.0,0.0,0.0,0.0,0.0,0.0,0.0,0.0,0.0,0.0,0.0,0.0,0.0,0.0,0.0,73161.0,35666.0,7741.0,27071.0,682.0,272.0,723.0,108987.0,0,0.0,108987.0
27,,0.0,0.0,0.0,0.0,0.0,0.0,0.0,0.0,0.0,0.0,0.0,0.0,0.0,0.0,0.0,0.0,0.0,73161.0,35666.0,7741.0,27071.0,682.0,272.0,723.0,94455.40000000001,0,0.0,94455.40000000001,,0.0,0.0,0.0,0.0,0.0,0.0,0.0,0.0,0.0,0.0,0.0,0.0,0.0,0.0,0.0,0.0,0.0,0.0,0.0,0.0,0.0,0.0,0.0,0.0,73161.0,35666.0,7741.0,27071.0,682.0,272.0,723.0,108987.0,0,0.0,108987.0
28,,0.0,0.0,0.0,0.0,0.0,0.0,0.0,0.0,0.0,0.0,0.0,0.0,0.0,0.0,0.0,0.0,0.0,73161.0,35666.0,7741.0,27071.0,682.0,272.0,723.0,94455.40000000001,0,0.0,94455.40000000001,,0.0,0.0,0.0,0.0,0.0,0.0,0.0,0.0,0.0,0.0,0.0,0.0,0.0,0.0,0.0,0.0,0.0,0.0,0.0,0.0,0.0,0.0,0.0,0.0,73161.0,35666.0,7741.0,27071.0,682.0,272.0,723.0,108987.0,0,0.0,108987.0
29,,0.0,0.0,0.0,0.0,0.0,0.0,0.0,0.0,0.0,0.0,0.0,0.0,0.0,0.0,0.0,0.0,0.0,73161.0,35666.0,7741.0,27071.0,682.0,272.0,723.0,94455.40000000001,0,0.0,94455.40000000001,,0.0,0.0,0.0,0.0,0.0,0.0,0.0,0.0,0.0,0.0,0.0,0.0,0.0,0.0,0.0,0.0,0.0,0.0,0.0,0.0,0.0,0.0,0.0,0.0,73161.0,35666.0,7741.0,27071.0,682.0,272.0,723.0,108987.0,0,0.0,108987.0
30,,0.0,0.0,0.0,0.0,0.0,0.0,0.0,0.0,0.0,0.0,0.0,0.0,0.0,0.0,0.0,0.0,0.0,73161.0,35666.0,7741.0,27071.0,682.0,272.0,723.0,94455.40000000001,0,0.0,94455.40000000001,,0.0,0.0,0.0,0.0,0.0,0.0,0.0,0.0,0.0,0.0,0.0,0.0,0.0,0.0,0.0,0.0,0.0,0.0,0.0,0.0,0.0,0.0,0.0,0.0,73161.0,35666.0,7741.0,27071.0,682.0,272.0,723.0,108987.0,0,0.0,108987.0
31,,0.0,0.0,0.0,0.0,0.0,0.0,0.0,0.0,0.0,0.0,0.0,0.0,0.0,0.0,0.0,0.0,0.0,73161.0,35666.0,7741.0,27071.0,682.0,272.0,723.0,94455.40000000001,0,0.0,94455.40000000001,,0.0,0.0,0.0,0.0,0.0,0.0,0.0,0.0,0.0,0.0,0.0,0.0,0.0,0.0,0.0,0.0,0.0,0.0,0.0,0.0,0.0,0.0,0.0,0.0,73161.0,35666.0,7741.0,27071.0,682.0,272.0,723.0,108987.0,0,0.0,108987.0
32,,0.0,0.0,0.0,0.0,0.0,0.0,0.0,0.0,0.0,0.0,0.0,0.0,0.0,0.0,0.0,0.0,0.0,73161.0,35666.0,7741.0,27071.0,682.0,272.0,723.0,94455.40000000001,0,0.0,94455.40000000001,,0.0,0.0,0.0,0.0,0.0,0.0,0.0,0.0,0.0,0.0,0.0,0.0,0.0,0.0,0.0,0.0,0.0,0.0,0.0,0.0,0.0,0.0,0.0,0.0,73161.0,35666.0,7741.0,27071.0,682.0,272.0,723.0,108987.0,0,0.0,108987.0
33,,0.0,0.0,0.0,0.0,0.0,0.0,0.0,0.0,0.0,0.0,0.0,0.0,0.0,0.0,0.0,0.0,0.0,73161.0,35666.0,7741.0,27071.0,682.0,272.0,723.0,94455.40000000001,0,0.0,94455.40000000001,,0.0,0.0,0.0,0.0,0.0,0.0,0.0,0.0,0.0,0.0,0.0,0.0,0.0,0.0,0.0,0.0,0.0,0.0,0.0,0.0,0.0,0.0,0.0,0.0,73161.0,35666.0,7741.0,27071.0,682.0,272.0,723.0,108987.0,0,0.0,108987.0
34,,0.0,0.0,0.0,0.0,0.0,0.0,0.0,0.0,0.0,0.0,0.0,0.0,0.0,0.0,0.0,0.0,0.0,73161.0,35666.0,7741.0,27071.0,682.0,272.0,723.0,94455.40000000001,0,0.0,94455.40000000001,,0.0,0.0,0.0,0.0,0.0,0.0,0.0,0.0,0.0,0.0,0.0,0.0,0.0,0.0,0.0,0.0,0.0,0.0,0.0,0.0,0.0,0.0,0.0,0.0,73161.0,35666.0,7741.0,27071.0,682.0,272.0,723.0,108987.0,0,0.0,108987.0
35,,0.0,0.0,0.0,0.0,0.0,0.0,0.0,0.0,0.0,0.0,0.0,0.0,0.0,0.0,0.0,0.0,0.0,73161.0,35666.0,7741.0,27071.0,682.0,272.0,723.0,94455.40000000001,0,0.0,94455.40000000001,,0.0,0.0,0.0,0.0,0.0,0.0,0.0,0.0,0.0,0.0,0.0,0.0,0.0,0.0,0.0,0.0,0.0,0.0,0.0,0.0,0.0,0.0,0.0,0.0,73161.0,35666.0,7741.0,27071.0,682.0,272.0,723.0,108987.0,0,0.0,108987.0
36,,0.0,0.0,0.0,0.0,0.0,0.0,0.0,0.0,0.0,0.0,0.0,0.0,0.0,0.0,0.0,0.0,0.0,73161.0,35666.0,7741.0,27071.0,682.0,272.0,723.0,94455.40000000001,0,0.0,94455.40000000001,,0.0,0.0,0.0,0.0,0.0,0.0,0.0,0.0,0.0,0.0,0.0,0.0,0.0,0.0,0.0,0.0,0.0,0.0,0.0,0.0,0.0,0.0,0.0,0.0,73161.0,35666.0,7741.0,27071.0,682.0,272.0,723.0,108987.0,0,0.0,108987.0
37,,0.0,0.0,0.0,0.0,0.0,0.0,0.0,0.0,0.0,0.0,0.0,0.0,0.0,0.0,0.0,0.0,0.0,73161.0,35666.0,7741.0,27071.0,682.0,272.0,723.0,94455.40000000001,0,0.0,94455.40000000001,,0.0,0.0,0.0,0.0,0.0,0.0,0.0,0.0,0.0,0.0,0.0,0.0,0.0,0.0,0.0,0.0,0.0,0.0,0.0,0.0,0.0,0.0,0.0,0.0,73161.0,35666.0,7741.0,27071.0,682.0,272.0,723.0,108987.0,0,0.0,108987.0
38,,0.0,0.0,0.0,0.0,0.0,0.0,0.0,0.0,0.0,0.0,0.0,0.0,0.0,0.0,0.0,0.0,0.0,73161.0,35666.0,7741.0,27071.0,682.0,272.0,723.0,94455.40000000001,0,0.0,94455.40000000001,,0.0,0.0,0.0,0.0,0.0,0.0,0.0,0.0,0.0,0.0,0.0,0.0,0.0,0.0,0.0,0.0,0.0,0.0,0.0,0.0,0.0,0.0,0.0,0.0,73161.0,35666.0,7741.0,27071.0,682.0,272.0,723.0,108987.0,0,0.0,108987.0
39,,0.0,0.0,0.0,0.0,0.0,0.0,0.0,0.0,0.0,0.0,0.0,0.0,0.0,0.0,0.0,0.0,0.0,73161.0,35666.0,7741.0,27071.0,682.0,272.0,723.0,94455.40000000001,0,0.0,94455.40000000001,,0.0,0.0,0.0,0.0,0.0,0.0,0.0,0.0,0.0,0.0,0.0,0.0,0.0,0.0,0.0,0.0,0.0,0.0,0.0,0.0,0.0,0.0,0.0,0.0,73161.0,35666.0,7741.0,27071.0,682.0,272.0,723.0,108987.0,0,0.0,108987.0
40,,0.0,0.0,0.0,0.0,0.0,0.0,0.0,0.0,0.0,0.0,0.0,0.0,0.0,0.0,0.0,0.0,0.0,73161.0,35666.0,7741.0,27071.0,682.0,272.0,723.0,94455.40000000001,0,0.0,94455.40000000001,,0.0,0.0,0.0,0.0,0.0,0.0,0.0,0.0,0.0,0.0,0.0,0.0,0.0,0.0,0.0,0.0,0.0,0.0,0.0,0.0,0.0,0.0,0.0,0.0,73161.0,35666.0,7741.0,27071.0,682.0,272.0,723.0,108987.0,0,0.0,108987.0
41,,0.0,0.0,0.0,0.0,0.0,0.0,0.0,0.0,0.0,0.0,0.0,0.0,0.0,0.0,0.0,0.0,0.0,73161.0,35666.0,7741.0,27071.0,682.0,272.0,723.0,94455.40000000001,0,0.0,94455.40000000001,,0.0,0.0,0.0,0.0,0.0,0.0,0.0,0.0,0.0,0.0,0.0,0.0,0.0,0.0,0.0,0.0,0.0,0.0,0.0,0.0,0.0,0.0,0.0,0.0,73161.0,35666.0,7741.0,27071.0,682.0,272.0,723.0,108987.0,0,0.0,108987.0
42,,0.0,0.0,0.0,0.0,0.0,0.0,0.0,0.0,0.0,0.0,0.0,0.0,0.0,0.0,0.0,0.0,0.0,73161.0,35666.0,7741.0,27071.0,682.0,272.0,723.0,94455.40000000001,0,0.0,94455.40000000001,,0.0,0.0,0.0,0.0,0.0,0.0,0.0,0.0,0.0,0.0,0.0,0.0,0.0,0.0,0.0,0.0,0.0,0.0,0.0,0.0,0.0,0.0,0.0,0.0,73161.0,35666.0,7741.0,27071.0,682.0,272.0,723.0,108987.0,0,0.0,108987.0
43,,0.0,0.0,0.0,0.0,0.0,0.0,0.0,0.0,0.0,0.0,0.0,0.0,0.0,0.0,0.0,0.0,0.0,73161.0,35666.0,7741.0,27071.0,682.0,272.0,723.0,94455.40000000001,0,0.0,94455.40000000001,,0.0,0.0,0.0,0.0,0.0,0.0,0.0,0.0,0.0,0.0,0.0,0.0,0.0,0.0,0.0,0.0,0.0,0.0,0.0,0.0,0.0,0.0,0.0,0.0,73161.0,35666.0,7741.0,27071.0,682.0,272.0,723.0,108987.0,0,0.0,108987.0
44,,0.0,0.0,0.0,0.0,0.0,0.0,0.0,0.0,0.0,0.0,0.0,0.0,0.0,0.0,0.0,0.0,0.0,73161.0,35666.0,7741.0,27071.0,682.0,272.0,723.0,94455.40000000001,0,0.0,94455.40000000001,,0.0,0.0,0.0,0.0,0.0,0.0,0.0,0.0,0.0,0.0,0.0,0.0,0.0,0.0,0.0,0.0,0.0,0.0,0.0,0.0,0.0,0.0,0.0,0.0,73161.0,35666.0,7741.0,27071.0,682.0,272.0,723.0,108987.0,0,0.0,108987.0
45,,0.0,0.0,0.0,0.0,0.0,0.0,0.0,0.0,0.0,0.0,0.0,0.0,0.0,0.0,0.0,0.0,0.0,73161.0,35666.0,7741.0,27071.0,682.0,272.0,723.0,94455.40000000001,0,0.0,94455.40000000001,,0.0,0.0,0.0,0.0,0.0,0.0,0.0,0.0,0.0,0.0,0.0,0.0,0.0,0.0,0.0,0.0,0.0,0.0,0.0,0.0,0.0,0.0,0.0,0.0,73161.0,35666.0,7741.0,27071.0,682.0,272.0,723.0,108987.0,0,0.0,108987.0
46,,0.0,0.0,0.0,0.0,0.0,0.0,0.0,0.0,0.0,0.0,0.0,0.0,0.0,0.0,0.0,0.0,0.0,73161.0,35666.0,7741.0,27071.0,682.0,272.0,723.0,94455.40000000001,0,0.0,94455.40000000001,,0.0,0.0,0.0,0.0,0.0,0.0,0.0,0.0,0.0,0.0,0.0,0.0,0.0,0.0,0.0,0.0,0.0,0.0,0.0,0.0,0.0,0.0,0.0,0.0,73161.0,35666.0,7741.0,27071.0,682.0,272.0,723.0,108987.0,0,0.0,108987.0
47,,0.0,0.0,0.0,0.0,0.0,0.0,0.0,0.0,0.0,0.0,0.0,0.0,0.0,0.0,0.0,0.0,0.0,73161.0,35666.0,7741.0,27071.0,682.0,272.0,723.0,94455.40000000001,0,0.0,94455.40000000001,,0.0,0.0,0.0,0.0,0.0,0.0,0.0,0.0,0.0,0.0,0.0,0.0,0.0,0.0,0.0,0.0,0.0,0.0,0.0,0.0,0.0,0.0,0.0,0.0,73161.0,35666.0,7741.0,27071.0,682.0,272.0,723.0,108987.0,0,0.0,108987.0
48,,0.0,0.0,0.0,0.0,0.0,0.0,0.0,0.0,0.0,0.0,0.0,0.0,0.0,0.0,0.0,0.0,0.0,73161.0,35666.0,7741.0,27071.0,682.0,272.0,723.0,94455.40000000001,0,0.0,94455.40000000001,,0.0,0.0,0.0,0.0,0.0,0.0,0.0,0.0,0.0,0.0,0.0,0.0,0.0,0.0,0.0,0.0,0.0,0.0,0.0,0.0,0.0,0.0,0.0,0.0,73161.0,35666.0,7741.0,27071.0,682.0,272.0,723.0,108987.0,0,0.0,108987.0
49,,0.0,0.0,0.0,0.0,0.0,0.0,0.0,0.0,0.0,0.0,0.0,0.0,0.0,0.0,0.0,0.0,0.0,73161.0,35666.0,7741.0,27071.0,682.0,272.0,723.0,94455.40000000001,0,0.0,94455.40000000001,,0.0,0.0,0.0,0.0,0.0,0.0,0.0,0.0,0.0,0.0,0.0,0.0,0.0,0.0,0.0,0.0,0.0,0.0,0.0,0.0,0.0,0.0,0.0,0.0,73161.0,35666.0,7741.0,27071.0,682.0,272.0,723.0,108987.0,0,0.0,108987.0
50,,0.0,0.0,0.0,0.0,0.0,0.0,0.0,0.0,0.0,0.0,0.0,0.0,0.0,0.0,0.0,0.0,0.0,73161.0,35666.0,7741.0,27071.0,682.0,272.0,723.0,94455.40000000001,0,0.0,94455.40000000001,,0.0,0.0,0.0,0.0,0.0,0.0,0.0,0.0,0.0,0.0,0.0,0.0,0.0,0.0,0.0,0.0,0.0,0.0,0.0,0.0,0.0,0.0,0.0,0.0,73161.0,35666.0,7741.0,27071.0,682.0,272.0,723.0,108987.0,0,0.0,108987.0
51,,0.0,0.0,0.0,0.0,0.0,0.0,0.0,0.0,0.0,0.0,0.0,0.0,0.0,0.0,0.0,0.0,0.0,73161.0,35666.0,7741.0,27071.0,682.0,272.0,723.0,94455.40000000001,0,0.0,94455.40000000001,,0.0,0.0,0.0,0.0,0.0,0.0,0.0,0.0,0.0,0.0,0.0,0.0,0.0,0.0,0.0,0.0,0.0,0.0,0.0,0.0,0.0,0.0,0.0,0.0,73161.0,35666.0,7741.0,27071.0,682.0,272.0,723.0,108987.0,0,0.0,108987.0
52,,0.0,0.0,0.0,0.0,0.0,0.0,0.0,0.0,0.0,0.0,0.0,0.0,0.0,0.0,0.0,0.0,0.0,73161.0,35666.0,7741.0,27071.0,682.0,272.0,723.0,94455.40000000001,0,0.0,94455.40000000001,,0.0,0.0,0.0,0.0,0.0,0.0,0.0,0.0,0.0,0.0,0.0,0.0,0.0,0.0,0.0,0.0,0.0,0.0,0.0,0.0,0.0,0.0,0.0,0.0,73161.0,35666.0,7741.0,27071.0,682.0,272.0,723.0,108987.0,0,0.0,108987.0
53,,0.0,0.0,0.0,0.0,0.0,0.0,0.0,0.0,0.0,0.0,0.0,0.0,0.0,0.0,0.0,0.0,0.0,73161.0,35666.0,7741.0,27071.0,682.0,272.0,723.0,94455.40000000001,0,0.0,94455.40000000001,,0.0,0.0,0.0,0.0,0.0,0.0,0.0,0.0,0.0,0.0,0.0,0.0,0.0,0.0,0.0,0.0,0.0,0.0,0.0,0.0,0.0,0.0,0.0,0.0,73161.0,35666.0,7741.0,27071.0,682.0,272.0,723.0,108987.0,0,0.0,108987.0
54,,0.0,0.0,0.0,0.0,0.0,0.0,0.0,0.0,0.0,0.0,0.0,0.0,0.0,0.0,0.0,0.0,0.0,73161.0,35666.0,7741.0,27071.0,682.0,272.0,723.0,94455.40000000001,0,0.0,94455.40000000001,,0.0,0.0,0.0,0.0,0.0,0.0,0.0,0.0,0.0,0.0,0.0,0.0,0.0,0.0,0.0,0.0,0.0,0.0,0.0,0.0,0.0,0.0,0.0,0.0,73161.0,35666.0,7741.0,27071.0,682.0,272.0,723.0,108987.0,0,0.0,108987.0
55,,0.0,0.0,0.0,0.0,0.0,0.0,0.0,0.0,0.0,0.0,0.0,0.0,0.0,0.0,0.0,0.0,0.0,73161.0,35666.0,7741.0,27071.0,682.0,272.0,723.0,94455.40000000001,0,0.0,94455.40000000001,,0.0,0.0,0.0,0.0,0.0,0.0,0.0,0.0,0.0,0.0,0.0,0.0,0.0,0.0,0.0,0.0,0.0,0.0,0.0,0.0,0.0,0.0,0.0,0.0,73161.0,35666.0,7741.0,27071.0,682.0,272.0,723.0,108987.0,0,0.0,108987.0
56,,0.0,0.0,0.0,0.0,0.0,0.0,0.0,0.0,0.0,0.0,0.0,0.0,0.0,0.0,0.0,0.0,0.0,73161.0,35666.0,7741.0,27071.0,682.0,272.0,723.0,94455.40000000001,0,0.0,94455.40000000001,,0.0,0.0,0.0,0.0,0.0,0.0,0.0,0.0,0.0,0.0,0.0,0.0,0.0,0.0,0.0,0.0,0.0,0.0,0.0,0.0,0.0,0.0,0.0,0.0,73161.0,35666.0,7741.0,27071.0,682.0,272.0,723.0,108987.0,0,0.0,108987.0
57,,0.0,0.0,0.0,0.0,0.0,0.0,0.0,0.0,0.0,0.0,0.0,0.0,0.0,0.0,0.0,0.0,0.0,73161.0,35666.0,7741.0,27071.0,682.0,272.0,723.0,94455.40000000001,0,0.0,94455.40000000001,,0.0,0.0,0.0,0.0,0.0,0.0,0.0,0.0,0.0,0.0,0.0,0.0,0.0,0.0,0.0,0.0,0.0,0.0,0.0,0.0,0.0,0.0,0.0,0.0,73161.0,35666.0,7741.0,27071.0,682.0,272.0,723.0,108987.0,0,0.0,108987.0
58,,0.0,0.0,0.0,0.0,0.0,0.0,0.0,0.0,0.0,0.0,0.0,0.0,0.0,0.0,0.0,0.0,0.0,73161.0,35666.0,7741.0,27071.0,682.0,272.0,723.0,94455.40000000001,0,0.0,94455.40000000001,,0.0,0.0,0.0,0.0,0.0,0.0,0.0,0.0,0.0,0.0,0.0,0.0,0.0,0.0,0.0,0.0,0.0,0.0,0.0,0.0,0.0,0.0,0.0,0.0,73161.0,35666.0,7741.0,27071.0,682.0,272.0,723.0,108987.0,0,0.0,108987.0
59,,0.0,0.0,0.0,0.0,0.0,0.0,0.0,0.0,0.0,0.0,0.0,0.0,0.0,0.0,0.0,0.0,0.0,73161.0,35666.0,7741.0,27071.0,682.0,272.0,723.0,94455.40000000001,0,0.0,94455.40000000001,,0.0,0.0,0.0,0.0,0.0,0.0,0.0,0.0,0.0,0.0,0.0,0.0,0.0,0.0,0.0,0.0,0.0,0.0,0.0,0.0,0.0,0.0,0.0,0.0,73161.0,35666.0,7741.0,27071.0,682.0,272.0,723.0,108987.0,0,0.0,108987.0
60,,0.0,0.0,0.0,0.0,0.0,0.0,0.0,0.0,0.0,0.0,0.0,0.0,0.0,0.0,0.0,0.0,0.0,73161.0,35666.0,7741.0,27071.0,682.0,272.0,723.0,94455.40000000001,0,0.0,94455.40000000001,,0.0,0.0,0.0,0.0,0.0,0.0,0.0,0.0,0.0,0.0,0.0,0.0,0.0,0.0,0.0,0.0,0.0,0.0,0.0,0.0,0.0,0.0,0.0,0.0,73161.0,35666.0,7741.0,27071.0,682.0,272.0,723.0,108987.0,0,0.0,108987.0
61,,0.0,0.0,0.0,0.0,0.0,0.0,0.0,0.0,0.0,0.0,0.0,0.0,0.0,0.0,0.0,0.0,0.0,73161.0,35666.0,7741.0,27071.0,682.0,272.0,723.0,94455.40000000001,0,0.0,94455.40000000001,,0.0,0.0,0.0,0.0,0.0,0.0,0.0,0.0,0.0,0.0,0.0,0.0,0.0,0.0,0.0,0.0,0.0,0.0,0.0,0.0,0.0,0.0,0.0,0.0,73161.0,35666.0,7741.0,27071.0,682.0,272.0,723.0,108987.0,0,0.0,108987.0
62,,0.0,0.0,0.0,0.0,0.0,0.0,0.0,0.0,0.0,0.0,0.0,0.0,0.0,0.0,0.0,0.0,0.0,73161.0,35666.0,7741.0,27071.0,682.0,272.0,723.0,94455.40000000001,0,0.0,94455.40000000001,,0.0,0.0,0.0,0.0,0.0,0.0,0.0,0.0,0.0,0.0,0.0,0.0,0.0,0.0,0.0,0.0,0.0,0.0,0.0,0.0,0.0,0.0,0.0,0.0,73161.0,35666.0,7741.0,27071.0,682.0,272.0,723.0,108987.0,0,0.0,108987.0
63,,0.0,0.0,0.0,0.0,0.0,0.0,0.0,0.0,0.0,0.0,0.0,0.0,0.0,0.0,0.0,0.0,0.0,73161.0,35666.0,7741.0,27071.0,682.0,272.0,723.0,94455.40000000001,0,0.0,94455.40000000001,,0.0,0.0,0.0,0.0,0.0,0.0,0.0,0.0,0.0,0.0,0.0,0.0,0.0,0.0,0.0,0.0,0.0,0.0,0.0,0.0,0.0,0.0,0.0,0.0,73161.0,35666.0,7741.0,27071.0,682.0,272.0,723.0,108987.0,0,0.0,108987.0
64,,0.0,0.0,0.0,0.0,0.0,0.0,0.0,0.0,0.0,0.0,0.0,0.0,0.0,0.0,0.0,0.0,0.0,73161.0,35666.0,7741.0,27071.0,682.0,272.0,723.0,94455.40000000001,0,0.0,94455.40000000001,,0.0,0.0,0.0,0.0,0.0,0.0,0.0,0.0,0.0,0.0,0.0,0.0,0.0,0.0,0.0,0.0,0.0,0.0,0.0,0.0,0.0,0.0,0.0,0.0,73161.0,35666.0,7741.0,27071.0,682.0,272.0,723.0,108987.0,0,0.0,108987.0
65,,0.0,0.0,0.0,0.0,0.0,0.0,0.0,0.0,0.0,0.0,0.0,0.0,0.0,0.0,0.0,0.0,0.0,73161.0,35666.0,7741.0,27071.0,682.0,272.0,723.0,94455.40000000001,0,0.0,94455.40000000001,,0.0,0.0,0.0,0.0,0.0,0.0,0.0,0.0,0.0,0.0,0.0,0.0,0.0,0.0,0.0,0.0,0.0,0.0,0.0,0.0,0.0,0.0,0.0,0.0,73161.0,35666.0,7741.0,27071.0,682.0,272.0,723.0,108987.0,0,0.0,108987.0
66,,0.0,0.0,0.0,0.0,0.0,0.0,0.0,0.0,0.0,0.0,0.0,0.0,0.0,0.0,0.0,0.0,0.0,73161.0,35666.0,7741.0,27071.0,682.0,272.0,723.0,94455.40000000001,0,0.0,94455.40000000001,,0.0,0.0,0.0,0.0,0.0,0.0,0.0,0.0,0.0,0.0,0.0,0.0,0.0,0.0,0.0,0.0,0.0,0.0,0.0,0.0,0.0,0.0,0.0,0.0,73161.0,35666.0,7741.0,27071.0,682.0,272.0,723.0,108987.0,0,0.0,108987.0
67,,0.0,0.0,0.0,0.0,0.0,0.0,0.0,0.0,0.0,0.0,0.0,0.0,0.0,0.0,0.0,0.0,0.0,73161.0,35666.0,7741.0,27071.0,682.0,272.0,723.0,94455.40000000001,0,0.0,94455.40000000001,,0.0,0.0,0.0,0.0,0.0,0.0,0.0,0.0,0.0,0.0,0.0,0.0,0.0,0.0,0.0,0.0,0.0,0.0,0.0,0.0,0.0,0.0,0.0,0.0,73161.0,35666.0,7741.0,27071.0,682.0,272.0,723.0,108987.0,0,0.0,108987.0
68,,0.0,0.0,0.0,0.0,0.0,0.0,0.0,0.0,0.0,0.0,0.0,0.0,0.0,0.0,0.0,0.0,0.0,73161.0,35666.0,7741.0,27071.0,682.0,272.0,723.0,94455.40000000001,0,0.0,94455.40000000001,,0.0,0.0,0.0,0.0,0.0,0.0,0.0,0.0,0.0,0.0,0.0,0.0,0.0,0.0,0.0,0.0,0.0,0.0,0.0,0.0,0.0,0.0,0.0,0.0,73161.0,35666.0,7741.0,27071.0,682.0,272.0,723.0,108987.0,0,0.0,108987.0
69,,0.0,0.0,0.0,0.0,0.0,0.0,0.0,0.0,0.0,0.0,0.0,0.0,0.0,0.0,0.0,0.0,0.0,73161.0,35666.0,7741.0,27071.0,682.0,272.0,723.0,94455.40000000001,0,0.0,94455.40000000001,,0.0,0.0,0.0,0.0,0.0,0.0,0.0,0.0,0.0,0.0,0.0,0.0,0.0,0.0,0.0,0.0,0.0,0.0,0.0,0.0,0.0,0.0,0.0,0.0,73161.0,35666.0,7741.0,27071.0,682.0,272.0,723.0,108987.0,0,0.0,108987.0
70,,0.0,0.0,0.0,0.0,0.0,0.0,0.0,0.0,0.0,0.0,0.0,0.0,0.0,0.0,0.0,0.0,0.0,73161.0,35666.0,7741.0,27071.0,682.0,272.0,723.0,94455.40000000001,0,0.0,94455.40000000001,,0.0,0.0,0.0,0.0,0.0,0.0,0.0,0.0,0.0,0.0,0.0,0.0,0.0,0.0,0.0,0.0,0.0,0.0,0.0,0.0,0.0,0.0,0.0,0.0,73161.0,35666.0,7741.0,27071.0,682.0,272.0,723.0,108987.0,0,0.0,108987.0
71,,0.0,0.0,0.0,0.0,0.0,0.0,0.0,0.0,0.0,0.0,0.0,0.0,0.0,0.0,0.0,0.0,0.0,73161.0,35666.0,7741.0,27071.0,682.0,272.0,723.0,94455.40000000001,0,0.0,94455.40000000001,,0.0,0.0,0.0,0.0,0.0,0.0,0.0,0.0,0.0,0.0,0.0,0.0,0.0,0.0,0.0,0.0,0.0,0.0,0.0,0.0,0.0,0.0,0.0,0.0,73161.0,35666.0,7741.0,27071.0,682.0,272.0,723.0,108987.0,0,0.0,108987.0
72,,0.0,0.0,0.0,0.0,0.0,0.0,0.0,0.0,0.0,0.0,0.0,0.0,0.0,0.0,0.0,0.0,0.0,73161.0,35666.0,7741.0,27071.0,682.0,272.0,723.0,94455.40000000001,0,0.0,94455.40000000001,,0.0,0.0,0.0,0.0,0.0,0.0,0.0,0.0,0.0,0.0,0.0,0.0,0.0,0.0,0.0,0.0,0.0,0.0,0.0,0.0,0.0,0.0,0.0,0.0,73161.0,35666.0,7741.0,27071.0,682.0,272.0,723.0,108987.0,0,0.0,108987.0
73,,0.0,0.0,0.0,0.0,0.0,0.0,0.0,0.0,0.0,0.0,0.0,0.0,0.0,0.0,0.0,0.0,0.0,73161.0,35666.0,7741.0,27071.0,682.0,272.0,723.0,94455.40000000001,0,0.0,94455.40000000001,,0.0,0.0,0.0,0.0,0.0,0.0,0.0,0.0,0.0,0.0,0.0,0.0,0.0,0.0,0.0,0.0,0.0,0.0,0.0,0.0,0.0,0.0,0.0,0.0,73161.0,35666.0,7741.0,27071.0,682.0,272.0,723.0,108987.0,0,0.0,108987.0
74,,0.0,0.0,0.0,0.0,0.0,0.0,0.0,0.0,0.0,0.0,0.0,0.0,0.0,0.0,0.0,0.0,0.0,73161.0,35666.0,7741.0,27071.0,682.0,272.0,723.0,94455.40000000001,0,0.0,94455.40000000001,,0.0,0.0,0.0,0.0,0.0,0.0,0.0,0.0,0.0,0.0,0.0,0.0,0.0,0.0,0.0,0.0,0.0,0.0,0.0,0.0,0.0,0.0,0.0,0.0,73161.0,35666.0,7741.0,27071.0,682.0,272.0,723.0,108987.0,0,0.0,108987.0
75,,0.0,0.0,0.0,0.0,0.0,0.0,0.0,0.0,0.0,0.0,0.0,0.0,0.0,0.0,0.0,0.0,0.0,73161.0,35666.0,7741.0,27071.0,682.0,272.0,723.0,94455.40000000001,0,0.0,94455.40000000001,,0.0,0.0,0.0,0.0,0.0,0.0,0.0,0.0,0.0,0.0,0.0,0.0,0.0,0.0,0.0,0.0,0.0,0.0,0.0,0.0,0.0,0.0,0.0,0.0,73161.0,35666.0,7741.0,27071.0,682.0,272.0,723.0,108987.0,0,0.0,108987.0
76,,0.0,0.0,0.0,0.0,0.0,0.0,0.0,0.0,0.0,0.0,0.0,0.0,0.0,0.0,0.0,0.0,0.0,73161.0,35666.0,7741.0,27071.0,682.0,272.0,723.0,94455.40000000001,0,0.0,94455.40000000001,,0.0,0.0,0.0,0.0,0.0,0.0,0.0,0.0,0.0,0.0,0.0,0.0,0.0,0.0,0.0,0.0,0.0,0.0,0.0,0.0,0.0,0.0,0.0,0.0,73161.0,35666.0,7741.0,27071.0,682.0,272.0,723.0,108987.0,0,0.0,108987.0
77,,0.0,0.0,0.0,0.0,0.0,0.0,0.0,0.0,0.0,0.0,0.0,0.0,0.0,0.0,0.0,0.0,0.0,73161.0,35666.0,7741.0,27071.0,682.0,272.0,723.0,94455.40000000001,0,0.0,94455.40000000001,,0.0,0.0,0.0,0.0,0.0,0.0,0.0,0.0,0.0,0.0,0.0,0.0,0.0,0.0,0.0,0.0,0.0,0.0,0.0,0.0,0.0,0.0,0.0,0.0,73161.0,35666.0,7741.0,27071.0,682.0,272.0,723.0,108987.0,0,0.0,108987.0
78,,0.0,0.0,0.0,0.0,0.0,0.0,0.0,0.0,0.0,0.0,0.0,0.0,0.0,0.0,0.0,0.0,0.0,73161.0,35666.0,7741.0,27071.0,682.0,272.0,723.0,94455.40000000001,0,0.0,94455.40000000001,,0.0,0.0,0.0,0.0,0.0,0.0,0.0,0.0,0.0,0.0,0.0,0.0,0.0,0.0,0.0,0.0,0.0,0.0,0.0,0.0,0.0,0.0,0.0,0.0,73161.0,35666.0,7741.0,27071.0,682.0,272.0,723.0,108987.0,0,0.0,108987.0
79,,0.0,0.0,0.0,0.0,0.0,0.0,0.0,0.0,0.0,0.0,0.0,0.0,0.0,0.0,0.0,0.0,0.0,73161.0,35666.0,7741.0,27071.0,682.0,272.0,723.0,94455.40000000001,0,0.0,94455.40000000001,,0.0,0.0,0.0,0.0,0.0,0.0,0.0,0.0,0.0,0.0,0.0,0.0,0.0,0.0,0.0,0.0,0.0,0.0,0.0,0.0,0.0,0.0,0.0,0.0,73161.0,35666.0,7741.0,27071.0,682.0,272.0,723.0,108987.0,0,0.0,108987.0
80,,0.0,0.0,0.0,0.0,0.0,0.0,0.0,0.0,0.0,0.0,0.0,0.0,0.0,0.0,0.0,0.0,0.0,73161.0,35666.0,7741.0,27071.0,682.0,272.0,723.0,94455.40000000001,0,0.0,94455.40000000001,,0.0,0.0,0.0,0.0,0.0,0.0,0.0,0.0,0.0,0.0,0.0,0.0,0.0,0.0,0.0,0.0,0.0,0.0,0.0,0.0,0.0,0.0,0.0,0.0,73161.0,35666.0,7741.0,27071.0,682.0,272.0,723.0,108987.0,0,0.0,108987.0
81,,0.0,0.0,0.0,0.0,0.0,0.0,0.0,0.0,0.0,0.0,0.0,0.0,0.0,0.0,0.0,0.0,0.0,73161.0,35666.0,7741.0,27071.0,682.0,272.0,723.0,94455.40000000001,0,0.0,94455.40000000001,,0.0,0.0,0.0,0.0,0.0,0.0,0.0,0.0,0.0,0.0,0.0,0.0,0.0,0.0,0.0,0.0,0.0,0.0,0.0,0.0,0.0,0.0,0.0,0.0,73161.0,35666.0,7741.0,27071.0,682.0,272.0,723.0,108987.0,0,0.0,108987.0
82,,0.0,0.0,0.0,0.0,0.0,0.0,0.0,0.0,0.0,0.0,0.0,0.0,0.0,0.0,0.0,0.0,0.0,73161.0,35666.0,7741.0,27071.0,682.0,272.0,723.0,94455.40000000001,0,0.0,94455.40000000001,,0.0,0.0,0.0,0.0,0.0,0.0,0.0,0.0,0.0,0.0,0.0,0.0,0.0,0.0,0.0,0.0,0.0,0.0,0.0,0.0,0.0,0.0,0.0,0.0,73161.0,35666.0,7741.0,27071.0,682.0,272.0,723.0,108987.0,0,0.0,108987.0
83,,0.0,0.0,0.0,0.0,0.0,0.0,0.0,0.0,0.0,0.0,0.0,0.0,0.0,0.0,0.0,0.0,0.0,73161.0,35666.0,7741.0,27071.0,682.0,272.0,723.0,94455.40000000001,0,0.0,94455.40000000001,,0.0,0.0,0.0,0.0,0.0,0.0,0.0,0.0,0.0,0.0,0.0,0.0,0.0,0.0,0.0,0.0,0.0,0.0,0.0,0.0,0.0,0.0,0.0,0.0,73161.0,35666.0,7741.0,27071.0,682.0,272.0,723.0,108987.0,0,0.0,108987.0
84,,0.0,0.0,0.0,0.0,0.0,0.0,0.0,0.0,0.0,0.0,0.0,0.0,0.0,0.0,0.0,0.0,0.0,73161.0,35666.0,7741.0,27071.0,682.0,272.0,723.0,94455.40000000001,0,0.0,94455.40000000001,,0.0,0.0,0.0,0.0,0.0,0.0,0.0,0.0,0.0,0.0,0.0,0.0,0.0,0.0,0.0,0.0,0.0,0.0,0.0,0.0,0.0,0.0,0.0,0.0,73161.0,35666.0,7741.0,27071.0,682.0,272.0,723.0,108987.0,0,0.0,108987.0
85,,0.0,0.0,0.0,0.0,0.0,0.0,0.0,0.0,0.0,0.0,0.0,0.0,0.0,0.0,0.0,0.0,0.0,73161.0,35666.0,7741.0,27071.0,682.0,272.0,723.0,94455.40000000001,0,0.0,94455.40000000001,,0.0,0.0,0.0,0.0,0.0,0.0,0.0,0.0,0.0,0.0,0.0,0.0,0.0,0.0,0.0,0.0,0.0,0.0,0.0,0.0,0.0,0.0,0.0,0.0,73161.0,35666.0,7741.0,27071.0,682.0,272.0,723.0,108987.0,0,0.0,108987.0
86,,0.0,0.0,0.0,0.0,0.0,0.0,0.0,0.0,0.0,0.0,0.0,0.0,0.0,0.0,0.0,0.0,0.0,73161.0,35666.0,7741.0,27071.0,682.0,272.0,723.0,94455.40000000001,0,0.0,94455.40000000001,,0.0,0.0,0.0,0.0,0.0,0.0,0.0,0.0,0.0,0.0,0.0,0.0,0.0,0.0,0.0,0.0,0.0,0.0,0.0,0.0,0.0,0.0,0.0,0.0,73161.0,35666.0,7741.0,27071.0,682.0,272.0,723.0,108987.0,0,0.0,108987.0
87,,0.0,0.0,0.0,0.0,0.0,0.0,0.0,0.0,0.0,0.0,0.0,0.0,0.0,0.0,0.0,0.0,0.0,73161.0,35666.0,7741.0,27071.0,682.0,272.0,723.0,94455.40000000001,0,0.0,94455.40000000001,,0.0,0.0,0.0,0.0,0.0,0.0,0.0,0.0,0.0,0.0,0.0,0.0,0.0,0.0,0.0,0.0,0.0,0.0,0.0,0.0,0.0,0.0,0.0,0.0,73161.0,35666.0,7741.0,27071.0,682.0,272.0,723.0,108987.0,0,0.0,108987.0
88,,0.0,0.0,0.0,0.0,0.0,0.0,0.0,0.0,0.0,0.0,0.0,0.0,0.0,0.0,0.0,0.0,0.0,73161.0,35666.0,7741.0,27071.0,682.0,272.0,723.0,94455.40000000001,0,0.0,94455.40000000001,,0.0,0.0,0.0,0.0,0.0,0.0,0.0,0.0,0.0,0.0,0.0,0.0,0.0,0.0,0.0,0.0,0.0,0.0,0.0,0.0,0.0,0.0,0.0,0.0,73161.0,35666.0,7741.0,27071.0,682.0,272.0,723.0,108987.0,0,0.0,108987.0
89,,0.0,0.0,0.0,0.0,0.0,0.0,0.0,0.0,0.0,0.0,0.0,0.0,0.0,0.0,0.0,0.0,0.0,73161.0,35666.0,7741.0,27071.0,682.0,272.0,723.0,94455.40000000001,0,0.0,94455.40000000001,,0.0,0.0,0.0,0.0,0.0,0.0,0.0,0.0,0.0,0.0,0.0,0.0,0.0,0.0,0.0,0.0,0.0,0.0,0.0,0.0,0.0,0.0,0.0,0.0,73161.0,35666.0,7741.0,27071.0,682.0,272.0,723.0,108987.0,0,0.0,108987.0
90,,0.0,0.0,0.0,0.0,0.0,0.0,0.0,0.0,0.0,0.0,0.0,0.0,0.0,0.0,0.0,0.0,0.0,73161.0,35666.0,7741.0,27071.0,682.0,272.0,723.0,94455.40000000001,0,0.0,94455.40000000001,,0.0,0.0,0.0,0.0,0.0,0.0,0.0,0.0,0.0,0.0,0.0,0.0,0.0,0.0,0.0,0.0,0.0,0.0,0.0,0.0,0.0,0.0,0.0,0.0,73161.0,35666.0,7741.0,27071.0,682.0,272.0,723.0,108987.0,0,0.0,108987.0
91,,0.0,0.0,0.0,0.0,0.0,0.0,0.0,0.0,0.0,0.0,0.0,0.0,0.0,0.0,0.0,0.0,0.0,73161.0,35666.0,7741.0,27071.0,682.0,272.0,723.0,94455.40000000001,0,0.0,94455.40000000001,,0.0,0.0,0.0,0.0,0.0,0.0,0.0,0.0,0.0,0.0,0.0,0.0,0.0,0.0,0.0,0.0,0.0,0.0,0.0,0.0,0.0,0.0,0.0,0.0,73161.0,35666.0,7741.0,27071.0,682.0,272.0,723.0,108987.0,0,0.0,108987.0
92,,0.0,0.0,0.0,0.0,0.0,0.0,0.0,0.0,0.0,0.0,0.0,0.0,0.0,0.0,0.0,0.0,0.0,73161.0,35666.0,7741.0,27071.0,682.0,272.0,723.0,94455.40000000001,0,0.0,94455.40000000001,,0.0,0.0,0.0,0.0,0.0,0.0,0.0,0.0,0.0,0.0,0.0,0.0,0.0,0.0,0.0,0.0,0.0,0.0,0.0,0.0,0.0,0.0,0.0,0.0,73161.0,35666.0,7741.0,27071.0,682.0,272.0,723.0,108987.0,0,0.0,108987.0
93,,0.0,0.0,0.0,0.0,0.0,0.0,0.0,0.0,0.0,0.0,0.0,0.0,0.0,0.0,0.0,0.0,0.0,73161.0,35666.0,7741.0,27071.0,682.0,272.0,723.0,94455.40000000001,0,0.0,94455.40000000001,,0.0,0.0,0.0,0.0,0.0,0.0,0.0,0.0,0.0,0.0,0.0,0.0,0.0,0.0,0.0,0.0,0.0,0.0,0.0,0.0,0.0,0.0,0.0,0.0,73161.0,35666.0,7741.0,27071.0,682.0,272.0,723.0,108987.0,0,0.0,108987.0
94,,0.0,0.0,0.0,0.0,0.0,0.0,0.0,0.0,0.0,0.0,0.0,0.0,0.0,0.0,0.0,0.0,0.0,73161.0,35666.0,7741.0,27071.0,682.0,272.0,723.0,94455.40000000001,0,0.0,94455.40000000001,,0.0,0.0,0.0,0.0,0.0,0.0,0.0,0.0,0.0,0.0,0.0,0.0,0.0,0.0,0.0,0.0,0.0,0.0,0.0,0.0,0.0,0.0,0.0,0.0,73161.0,35666.0,7741.0,27071.0,682.0,272.0,723.0,108987.0,0,0.0,108987.0
95,,0.0,0.0,0.0,0.0,0.0,0.0,0.0,0.0,0.0,0.0,0.0,0.0,0.0,0.0,0.0,0.0,0.0,73161.0,35666.0,7741.0,27071.0,682.0,272.0,723.0,94455.40000000001,0,0.0,94455.40000000001,,0.0,0.0,0.0,0.0,0.0,0.0,0.0,0.0,0.0,0.0,0.0,0.0,0.0,0.0,0.0,0.0,0.0,0.0,0.0,0.0,0.0,0.0,0.0,0.0,73161.0,35666.0,7741.0,27071.0,682.0,272.0,723.0,108987.0,0,0.0,108987.0
96,,0.0,0.0,0.0,0.0,0.0,0.0,0.0,0.0,0.0,0.0,0.0,0.0,0.0,0.0,0.0,0.0,0.0,73161.0,35666.0,7741.0,27071.0,682.0,272.0,723.0,94455.40000000001,0,0.0,94455.40000000001,,0.0,0.0,0.0,0.0,0.0,0.0,0.0,0.0,0.0,0.0,0.0,0.0,0.0,0.0,0.0,0.0,0.0,0.0,0.0,0.0,0.0,0.0,0.0,0.0,73161.0,35666.0,7741.0,27071.0,682.0,272.0,723.0,108987.0,0,0.0,108987.0
97,,0.0,0.0,0.0,0.0,0.0,0.0,0.0,0.0,0.0,0.0,0.0,0.0,0.0,0.0,0.0,0.0,0.0,73161.0,35666.0,7741.0,27071.0,682.0,272.0,723.0,94455.40000000001,0,0.0,94455.40000000001,,0.0,0.0,0.0,0.0,0.0,0.0,0.0,0.0,0.0,0.0,0.0,0.0,0.0,0.0,0.0,0.0,0.0,0.0,0.0,0.0,0.0,0.0,0.0,0.0,73161.0,35666.0,7741.0,27071.0,682.0,272.0,723.0,108987.0,0,0.0,108987.0
98,,0.0,0.0,0.0,0.0,0.0,0.0,0.0,0.0,0.0,0.0,0.0,0.0,0.0,0.0,0.0,0.0,0.0,73161.0,35666.0,7741.0,27071.0,682.0,272.0,723.0,94455.40000000001,0,0.0,94455.40000000001,,0.0,0.0,0.0,0.0,0.0,0.0,0.0,0.0,0.0,0.0,0.0,0.0,0.0,0.0,0.0,0.0,0.0,0.0,0.0,0.0,0.0,0.0,0.0,0.0,73161.0,35666.0,7741.0,27071.0,682.0,272.0,723.0,108987.0,0,0.0,108987.0
99,,0.0,0.0,0.0,0.0,0.0,0.0,0.0,0.0,0.0,0.0,0.0,0.0,0.0,0.0,0.0,0.0,0.0,73161.0,35666.0,7741.0,27071.0,682.0,272.0,723.0,94455.40000000001,0,0.0,94455.40000000001,,0.0,0.0,0.0,0.0,0.0,0.0,0.0,0.0,0.0,0.0,0.0,0.0,0.0,0.0,0.0,0.0,0.0,0.0,0.0,0.0,0.0,0.0,0.0,0.0,73161.0,35666.0,7741.0,27071.0,682.0,272.0,723.0,108987.0,0,0.0,108987.0
100,,0.0,0.0,0.0,0.0,0.0,0.0,0.0,0.0,0.0,0.0,0.0,0.0,0.0,0.0,0.0,0.0,0.0,73161.0,35666.0,7741.0,27071.0,682.0,272.0,723.0,94455.40000000001,0,0.0,94455.40000000001,,0.0,0.0,0.0,0.0,0.0,0.0,0.0,0.0,0.0,0.0,0.0,0.0,0.0,0.0,0.0,0.0,0.0,0.0,0.0,0.0,0.0,0.0,0.0,0.0,73161.0,35666.0,7741.0,27071.0,682.0,272.0,723.0,108987.0,0,0.0,108987.0
101,,0.0,0.0,0.0,0.0,0.0,0.0,0.0,0.0,0.0,0.0,0.0,0.0,0.0,0.0,0.0,0.0,0.0,73161.0,35666.0,7741.0,27071.0,682.0,272.0,723.0,94455.40000000001,0,0.0,94455.40000000001,,0.0,0.0,0.0,0.0,0.0,0.0,0.0,0.0,0.0,0.0,0.0,0.0,0.0,0.0,0.0,0.0,0.0,0.0,0.0,0.0,0.0,0.0,0.0,0.0,73161.0,35666.0,7741.0,27071.0,682.0,272.0,723.0,108987.0,0,0.0,108987.0
102,,0.0,0.0,0.0,0.0,0.0,0.0,0.0,0.0,0.0,0.0,0.0,0.0,0.0,0.0,0.0,0.0,0.0,73161.0,35666.0,7741.0,27071.0,682.0,272.0,723.0,94455.40000000001,0,0.0,94455.40000000001,,0.0,0.0,0.0,0.0,0.0,0.0,0.0,0.0,0.0,0.0,0.0,0.0,0.0,0.0,0.0,0.0,0.0,0.0,0.0,0.0,0.0,0.0,0.0,0.0,73161.0,35666.0,7741.0,27071.0,682.0,272.0,723.0,108987.0,0,0.0,108987.0
103,,0.0,0.0,0.0,0.0,0.0,0.0,0.0,0.0,0.0,0.0,0.0,0.0,0.0,0.0,0.0,0.0,0.0,73161.0,35666.0,7741.0,27071.0,682.0,272.0,723.0,94455.40000000001,0,0.0,94455.40000000001,,0.0,0.0,0.0,0.0,0.0,0.0,0.0,0.0,0.0,0.0,0.0,0.0,0.0,0.0,0.0,0.0,0.0,0.0,0.0,0.0,0.0,0.0,0.0,0.0,73161.0,35666.0,7741.0,27071.0,682.0,272.0,723.0,108987.0,0,0.0,108987.0
104,,0.0,0.0,0.0,0.0,0.0,0.0,0.0,0.0,0.0,0.0,0.0,0.0,0.0,0.0,0.0,0.0,0.0,73161.0,35666.0,7741.0,27071.0,682.0,272.0,723.0,94455.40000000001,0,0.0,94455.40000000001,,0.0,0.0,0.0,0.0,0.0,0.0,0.0,0.0,0.0,0.0,0.0,0.0,0.0,0.0,0.0,0.0,0.0,0.0,0.0,0.0,0.0,0.0,0.0,0.0,73161.0,35666.0,7741.0,27071.0,682.0,272.0,723.0,108987.0,0,0.0,108987.0
105,,0.0,0.0,0.0,0.0,0.0,0.0,0.0,0.0,0.0,0.0,0.0,0.0,0.0,0.0,0.0,0.0,0.0,73161.0,35666.0,7741.0,27071.0,682.0,272.0,723.0,94455.40000000001,0,0.0,94455.40000000001,,0.0,0.0,0.0,0.0,0.0,0.0,0.0,0.0,0.0,0.0,0.0,0.0,0.0,0.0,0.0,0.0,0.0,0.0,0.0,0.0,0.0,0.0,0.0,0.0,73161.0,35666.0,7741.0,27071.0,682.0,272.0,723.0,108987.0,0,0.0,108987.0
106,,0.0,0.0,0.0,0.0,0.0,0.0,0.0,0.0,0.0,0.0,0.0,0.0,0.0,0.0,0.0,0.0,0.0,73161.0,35666.0,7741.0,27071.0,682.0,272.0,723.0,94455.40000000001,0,0.0,94455.40000000001,,0.0,0.0,0.0,0.0,0.0,0.0,0.0,0.0,0.0,0.0,0.0,0.0,0.0,0.0,0.0,0.0,0.0,0.0,0.0,0.0,0.0,0.0,0.0,0.0,73161.0,35666.0,7741.0,27071.0,682.0,272.0,723.0,108987.0,0,0.0,108987.0
107,,0.0,0.0,0.0,0.0,0.0,0.0,0.0,0.0,0.0,0.0,0.0,0.0,0.0,0.0,0.0,0.0,0.0,73161.0,35666.0,7741.0,27071.0,682.0,272.0,723.0,94455.40000000001,0,0.0,94455.40000000001,,0.0,0.0,0.0,0.0,0.0,0.0,0.0,0.0,0.0,0.0,0.0,0.0,0.0,0.0,0.0,0.0,0.0,0.0,0.0,0.0,0.0,0.0,0.0,0.0,73161.0,35666.0,7741.0,27071.0,682.0,272.0,723.0,108987.0,0,0.0,108987.0
108,,0.0,0.0,0.0,0.0,0.0,0.0,0.0,0.0,0.0,0.0,0.0,0.0,0.0,0.0,0.0,0.0,0.0,73161.0,35666.0,7741.0,27071.0,682.0,272.0,723.0,94455.40000000001,0,0.0,94455.40000000001,,0.0,0.0,0.0,0.0,0.0,0.0,0.0,0.0,0.0,0.0,0.0,0.0,0.0,0.0,0.0,0.0,0.0,0.0,0.0,0.0,0.0,0.0,0.0,0.0,73161.0,35666.0,7741.0,27071.0,682.0,272.0,723.0,108987.0,0,0.0,108987.0
109,,0.0,0.0,0.0,0.0,0.0,0.0,0.0,0.0,0.0,0.0,0.0,0.0,0.0,0.0,0.0,0.0,0.0,73161.0,35666.0,7741.0,27071.0,682.0,272.0,723.0,94455.40000000001,0,0.0,94455.40000000001,,0.0,0.0,0.0,0.0,0.0,0.0,0.0,0.0,0.0,0.0,0.0,0.0,0.0,0.0,0.0,0.0,0.0,0.0,0.0,0.0,0.0,0.0,0.0,0.0,73161.0,35666.0,7741.0,27071.0,682.0,272.0,723.0,108987.0,0,0.0,108987.0
110,,0.0,0.0,0.0,0.0,0.0,0.0,0.0,0.0,0.0,0.0,0.0,0.0,0.0,0.0,0.0,0.0,0.0,73161.0,35666.0,7741.0,27071.0,682.0,272.0,723.0,94455.40000000001,0,0.0,94455.40000000001,,0.0,0.0,0.0,0.0,0.0,0.0,0.0,0.0,0.0,0.0,0.0,0.0,0.0,0.0,0.0,0.0,0.0,0.0,0.0,0.0,0.0,0.0,0.0,0.0,73161.0,35666.0,7741.0,27071.0,682.0,272.0,723.0,108987.0,0,0.0,108987.0
111,,0.0,0.0,0.0,0.0,0.0,0.0,0.0,0.0,0.0,0.0,0.0,0.0,0.0,0.0,0.0,0.0,0.0,73161.0,35666.0,7741.0,27071.0,682.0,272.0,723.0,94455.40000000001,0,0.0,94455.40000000001,,0.0,0.0,0.0,0.0,0.0,0.0,0.0,0.0,0.0,0.0,0.0,0.0,0.0,0.0,0.0,0.0,0.0,0.0,0.0,0.0,0.0,0.0,0.0,0.0,73161.0,35666.0,7741.0,27071.0,682.0,272.0,723.0,108987.0,0,0.0,108987.0
112,,0.0,0.0,0.0,0.0,0.0,0.0,0.0,0.0,0.0,0.0,0.0,0.0,0.0,0.0,0.0,0.0,0.0,73161.0,35666.0,7741.0,27071.0,682.0,272.0,723.0,94455.40000000001,0,0.0,94455.40000000001,,0.0,0.0,0.0,0.0,0.0,0.0,0.0,0.0,0.0,0.0,0.0,0.0,0.0,0.0,0.0,0.0,0.0,0.0,0.0,0.0,0.0,0.0,0.0,0.0,73161.0,35666.0,7741.0,27071.0,682.0,272.0,723.0,108987.0,0,0.0,108987.0
113,,0.0,0.0,0.0,0.0,0.0,0.0,0.0,0.0,0.0,0.0,0.0,0.0,0.0,0.0,0.0,0.0,0.0,73161.0,35666.0,7741.0,27071.0,682.0,272.0,723.0,94455.40000000001,0,0.0,94455.40000000001,,0.0,0.0,0.0,0.0,0.0,0.0,0.0,0.0,0.0,0.0,0.0,0.0,0.0,0.0,0.0,0.0,0.0,0.0,0.0,0.0,0.0,0.0,0.0,0.0,73161.0,35666.0,7741.0,27071.0,682.0,272.0,723.0,108987.0,0,0.0,108987.0
114,,0.0,0.0,0.0,0.0,0.0,0.0,0.0,0.0,0.0,0.0,0.0,0.0,0.0,0.0,0.0,0.0,0.0,73161.0,35666.0,7741.0,27071.0,682.0,272.0,723.0,94455.40000000001,0,0.0,94455.40000000001,,0.0,0.0,0.0,0.0,0.0,0.0,0.0,0.0,0.0,0.0,0.0,0.0,0.0,0.0,0.0,0.0,0.0,0.0,0.0,0.0,0.0,0.0,0.0,0.0,73161.0,35666.0,7741.0,27071.0,682.0,272.0,723.0,108987.0,0,0.0,108987.0
115,,0.0,0.0,0.0,0.0,0.0,0.0,0.0,0.0,0.0,0.0,0.0,0.0,0.0,0.0,0.0,0.0,0.0,73161.0,35666.0,7741.0,27071.0,682.0,272.0,723.0,94455.40000000001,0,0.0,94455.40000000001,,0.0,0.0,0.0,0.0,0.0,0.0,0.0,0.0,0.0,0.0,0.0,0.0,0.0,0.0,0.0,0.0,0.0,0.0,0.0,0.0,0.0,0.0,0.0,0.0,73161.0,35666.0,7741.0,27071.0,682.0,272.0,723.0,108987.0,0,0.0,108987.0
116,,0.0,0.0,0.0,0.0,0.0,0.0,0.0,0.0,0.0,0.0,0.0,0.0,0.0,0.0,0.0,0.0,0.0,73161.0,35666.0,7741.0,27071.0,682.0,272.0,723.0,94455.40000000001,0,0.0,94455.40000000001,,0.0,0.0,0.0,0.0,0.0,0.0,0.0,0.0,0.0,0.0,0.0,0.0,0.0,0.0,0.0,0.0,0.0,0.0,0.0,0.0,0.0,0.0,0.0,0.0,73161.0,35666.0,7741.0,27071.0,682.0,272.0,723.0,108987.0,0,0.0,108987.0
117,,0.0,0.0,0.0,0.0,0.0,0.0,0.0,0.0,0.0,0.0,0.0,0.0,0.0,0.0,0.0,0.0,0.0,73161.0,35666.0,7741.0,27071.0,682.0,272.0,723.0,94455.40000000001,0,0.0,94455.40000000001,,0.0,0.0,0.0,0.0,0.0,0.0,0.0,0.0,0.0,0.0,0.0,0.0,0.0,0.0,0.0,0.0,0.0,0.0,0.0,0.0,0.0,0.0,0.0,0.0,73161.0,35666.0,7741.0,27071.0,682.0,272.0,723.0,108987.0,0,0.0,108987.0
118,,0.0,0.0,0.0,0.0,0.0,0.0,0.0,0.0,0.0,0.0,0.0,0.0,0.0,0.0,0.0,0.0,0.0,73161.0,35666.0,7741.0,27071.0,682.0,272.0,723.0,94455.40000000001,0,0.0,94455.40000000001,,0.0,0.0,0.0,0.0,0.0,0.0,0.0,0.0,0.0,0.0,0.0,0.0,0.0,0.0,0.0,0.0,0.0,0.0,0.0,0.0,0.0,0.0,0.0,0.0,73161.0,35666.0,7741.0,27071.0,682.0,272.0,723.0,108987.0,0,0.0,108987.0
119,,0.0,0.0,0.0,0.0,0.0,0.0,0.0,0.0,0.0,0.0,0.0,0.0,0.0,0.0,0.0,0.0,0.0,73161.0,35666.0,7741.0,27071.0,682.0,272.0,723.0,94455.40000000001,0,0.0,94455.40000000001,,0.0,0.0,0.0,0.0,0.0,0.0,0.0,0.0,0.0,0.0,0.0,0.0,0.0,0.0,0.0,0.0,0.0,0.0,0.0,0.0,0.0,0.0,0.0,0.0,73161.0,35666.0,7741.0,27071.0,682.0,272.0,723.0,108987.0,0,0.0,108987.0
120,,0.0,0.0,0.0,0.0,0.0,0.0,0.0,0.0,0.0,0.0,0.0,0.0,0.0,0.0,0.0,0.0,0.0,73161.0,35666.0,7741.0,27071.0,682.0,272.0,723.0,94455.40000000001,0,0.0,94455.40000000001,,0.0,0.0,0.0,0.0,0.0,0.0,0.0,0.0,0.0,0.0,0.0,0.0,0.0,0.0,0.0,0.0,0.0,0.0,0.0,0.0,0.0,0.0,0.0,0.0,73161.0,35666.0,7741.0,27071.0,682.0,272.0,723.0,108987.0,0,0.0,108987.0
121,,0.0,0.0,0.0,0.0,0.0,0.0,0.0,0.0,0.0,0.0,0.0,0.0,0.0,0.0,0.0,0.0,0.0,73161.0,35666.0,7741.0,27071.0,682.0,272.0,723.0,94455.40000000001,0,0.0,94455.40000000001,,0.0,0.0,0.0,0.0,0.0,0.0,0.0,0.0,0.0,0.0,0.0,0.0,0.0,0.0,0.0,0.0,0.0,0.0,0.0,0.0,0.0,0.0,0.0,0.0,73161.0,35666.0,7741.0,27071.0,682.0,272.0,723.0,108987.0,0,0.0,108987.0
122,,0.0,0.0,0.0,0.0,0.0,0.0,0.0,0.0,0.0,0.0,0.0,0.0,0.0,0.0,0.0,0.0,0.0,73161.0,35666.0,7741.0,27071.0,682.0,272.0,723.0,94455.40000000001,0,0.0,94455.40000000001,,0.0,0.0,0.0,0.0,0.0,0.0,0.0,0.0,0.0,0.0,0.0,0.0,0.0,0.0,0.0,0.0,0.0,0.0,0.0,0.0,0.0,0.0,0.0,0.0,73161.0,35666.0,7741.0,27071.0,682.0,272.0,723.0,108987.0,0,0.0,108987.0
123,,0.0,0.0,0.0,0.0,0.0,0.0,0.0,0.0,0.0,0.0,0.0,0.0,0.0,0.0,0.0,0.0,0.0,73161.0,35666.0,7741.0,27071.0,682.0,272.0,723.0,94455.40000000001,0,0.0,94455.40000000001,,0.0,0.0,0.0,0.0,0.0,0.0,0.0,0.0,0.0,0.0,0.0,0.0,0.0,0.0,0.0,0.0,0.0,0.0,0.0,0.0,0.0,0.0,0.0,0.0,73161.0,35666.0,7741.0,27071.0,682.0,272.0,723.0,108987.0,0,0.0,108987.0
124,,0.0,0.0,0.0,0.0,0.0,0.0,0.0,0.0,0.0,0.0,0.0,0.0,0.0,0.0,0.0,0.0,0.0,73161.0,35666.0,7741.0,27071.0,682.0,272.0,723.0,94455.40000000001,0,0.0,94455.40000000001,,0.0,0.0,0.0,0.0,0.0,0.0,0.0,0.0,0.0,0.0,0.0,0.0,0.0,0.0,0.0,0.0,0.0,0.0,0.0,0.0,0.0,0.0,0.0,0.0,73161.0,35666.0,7741.0,27071.0,682.0,272.0,723.0,108987.0,0,0.0,108987.0
125,,0.0,0.0,0.0,0.0,0.0,0.0,0.0,0.0,0.0,0.0,0.0,0.0,0.0,0.0,0.0,0.0,0.0,73161.0,35666.0,7741.0,27071.0,682.0,272.0,723.0,94455.40000000001,0,0.0,94455.40000000001,,0.0,0.0,0.0,0.0,0.0,0.0,0.0,0.0,0.0,0.0,0.0,0.0,0.0,0.0,0.0,0.0,0.0,0.0,0.0,0.0,0.0,0.0,0.0,0.0,73161.0,35666.0,7741.0,27071.0,682.0,272.0,723.0,108987.0,0,0.0,108987.0
126,,0.0,0.0,0.0,0.0,0.0,0.0,0.0,0.0,0.0,0.0,0.0,0.0,0.0,0.0,0.0,0.0,0.0,73161.0,35666.0,7741.0,27071.0,682.0,272.0,723.0,94455.40000000001,0,0.0,94455.40000000001,,0.0,0.0,0.0,0.0,0.0,0.0,0.0,0.0,0.0,0.0,0.0,0.0,0.0,0.0,0.0,0.0,0.0,0.0,0.0,0.0,0.0,0.0,0.0,0.0,73161.0,35666.0,7741.0,27071.0,682.0,272.0,723.0,108987.0,0,0.0,108987.0
127,,0.0,0.0,0.0,0.0,0.0,0.0,0.0,0.0,0.0,0.0,0.0,0.0,0.0,0.0,0.0,0.0,0.0,73161.0,35666.0,7741.0,27071.0,682.0,272.0,723.0,94455.40000000001,0,0.0,94455.40000000001,,0.0,0.0,0.0,0.0,0.0,0.0,0.0,0.0,0.0,0.0,0.0,0.0,0.0,0.0,0.0,0.0,0.0,0.0,0.0,0.0,0.0,0.0,0.0,0.0,73161.0,35666.0,7741.0,27071.0,682.0,272.0,723.0,108987.0,0,0.0,108987.0
128,,0.0,0.0,0.0,0.0,0.0,0.0,0.0,0.0,0.0,0.0,0.0,0.0,0.0,0.0,0.0,0.0,0.0,73161.0,35666.0,7741.0,27071.0,682.0,272.0,723.0,94455.40000000001,0,0.0,94455.40000000001,,0.0,0.0,0.0,0.0,0.0,0.0,0.0,0.0,0.0,0.0,0.0,0.0,0.0,0.0,0.0,0.0,0.0,0.0,0.0,0.0,0.0,0.0,0.0,0.0,73161.0,35666.0,7741.0,27071.0,682.0,272.0,723.0,108987.0,0,0.0,108987.0
129,,0.0,0.0,0.0,0.0,0.0,0.0,0.0,0.0,0.0,0.0,0.0,0.0,0.0,0.0,0.0,0.0,0.0,73161.0,35666.0,7741.0,27071.0,682.0,272.0,723.0,94455.40000000001,0,0.0,94455.40000000001,,0.0,0.0,0.0,0.0,0.0,0.0,0.0,0.0,0.0,0.0,0.0,0.0,0.0,0.0,0.0,0.0,0.0,0.0,0.0,0.0,0.0,0.0,0.0,0.0,73161.0,35666.0,7741.0,27071.0,682.0,272.0,723.0,108987.0,0,0.0,108987.0
130,,0.0,0.0,0.0,0.0,0.0,0.0,0.0,0.0,0.0,0.0,0.0,0.0,0.0,0.0,0.0,0.0,0.0,73161.0,35666.0,7741.0,27071.0,682.0,272.0,723.0,94455.40000000001,0,0.0,94455.40000000001,,0.0,0.0,0.0,0.0,0.0,0.0,0.0,0.0,0.0,0.0,0.0,0.0,0.0,0.0,0.0,0.0,0.0,0.0,0.0,0.0,0.0,0.0,0.0,0.0,73161.0,35666.0,7741.0,27071.0,682.0,272.0,723.0,108987.0,0,0.0,108987.0
131,,0.0,0.0,0.0,0.0,0.0,0.0,0.0,0.0,0.0,0.0,0.0,0.0,0.0,0.0,0.0,0.0,0.0,73161.0,35666.0,7741.0,27071.0,682.0,272.0,723.0,94455.40000000001,0,0.0,94455.40000000001,,0.0,0.0,0.0,0.0,0.0,0.0,0.0,0.0,0.0,0.0,0.0,0.0,0.0,0.0,0.0,0.0,0.0,0.0,0.0,0.0,0.0,0.0,0.0,0.0,73161.0,35666.0,7741.0,27071.0,682.0,272.0,723.0,108987.0,0,0.0,108987.0
132,,0.0,0.0,0.0,0.0,0.0,0.0,0.0,0.0,0.0,0.0,0.0,0.0,0.0,0.0,0.0,0.0,0.0,73161.0,35666.0,7741.0,27071.0,682.0,272.0,723.0,94455.40000000001,0,0.0,94455.40000000001,,0.0,0.0,0.0,0.0,0.0,0.0,0.0,0.0,0.0,0.0,0.0,0.0,0.0,0.0,0.0,0.0,0.0,0.0,0.0,0.0,0.0,0.0,0.0,0.0,73161.0,35666.0,7741.0,27071.0,682.0,272.0,723.0,108987.0,0,0.0,108987.0
133,,0.0,0.0,0.0,0.0,0.0,0.0,0.0,0.0,0.0,0.0,0.0,0.0,0.0,0.0,0.0,0.0,0.0,73161.0,35666.0,7741.0,27071.0,682.0,272.0,723.0,94455.40000000001,0,0.0,94455.40000000001,,0.0,0.0,0.0,0.0,0.0,0.0,0.0,0.0,0.0,0.0,0.0,0.0,0.0,0.0,0.0,0.0,0.0,0.0,0.0,0.0,0.0,0.0,0.0,0.0,73161.0,35666.0,7741.0,27071.0,682.0,272.0,723.0,108987.0,0,0.0,108987.0
134,,0.0,0.0,0.0,0.0,0.0,0.0,0.0,0.0,0.0,0.0,0.0,0.0,0.0,0.0,0.0,0.0,0.0,73161.0,35666.0,7741.0,27071.0,682.0,272.0,723.0,94455.40000000001,0,0.0,94455.40000000001,,0.0,0.0,0.0,0.0,0.0,0.0,0.0,0.0,0.0,0.0,0.0,0.0,0.0,0.0,0.0,0.0,0.0,0.0,0.0,0.0,0.0,0.0,0.0,0.0,73161.0,35666.0,7741.0,27071.0,682.0,272.0,723.0,108987.0,0,0.0,108987.0
135,,0.0,0.0,0.0,0.0,0.0,0.0,0.0,0.0,0.0,0.0,0.0,0.0,0.0,0.0,0.0,0.0,0.0,73161.0,35666.0,7741.0,27071.0,682.0,272.0,723.0,94455.40000000001,0,0.0,94455.40000000001,,0.0,0.0,0.0,0.0,0.0,0.0,0.0,0.0,0.0,0.0,0.0,0.0,0.0,0.0,0.0,0.0,0.0,0.0,0.0,0.0,0.0,0.0,0.0,0.0,73161.0,35666.0,7741.0,27071.0,682.0,272.0,723.0,108987.0,0,0.0,108987.0
136,,0.0,0.0,0.0,0.0,0.0,0.0,0.0,0.0,0.0,0.0,0.0,0.0,0.0,0.0,0.0,0.0,0.0,73161.0,35666.0,7741.0,27071.0,682.0,272.0,723.0,94455.40000000001,0,0.0,94455.40000000001,,0.0,0.0,0.0,0.0,0.0,0.0,0.0,0.0,0.0,0.0,0.0,0.0,0.0,0.0,0.0,0.0,0.0,0.0,0.0,0.0,0.0,0.0,0.0,0.0,73161.0,35666.0,7741.0,27071.0,682.0,272.0,723.0,108987.0,0,0.0,108987.0
137,,0.0,0.0,0.0,0.0,0.0,0.0,0.0,0.0,0.0,0.0,0.0,0.0,0.0,0.0,0.0,0.0,0.0,73161.0,35666.0,7741.0,27071.0,682.0,272.0,723.0,94455.40000000001,0,0.0,94455.40000000001,,0.0,0.0,0.0,0.0,0.0,0.0,0.0,0.0,0.0,0.0,0.0,0.0,0.0,0.0,0.0,0.0,0.0,0.0,0.0,0.0,0.0,0.0,0.0,0.0,73161.0,35666.0,7741.0,27071.0,682.0,272.0,723.0,108987.0,0,0.0,108987.0
138,,0.0,0.0,0.0,0.0,0.0,0.0,0.0,0.0,0.0,0.0,0.0,0.0,0.0,0.0,0.0,0.0,0.0,73161.0,35666.0,7741.0,27071.0,682.0,272.0,723.0,94455.40000000001,0,0.0,94455.40000000001,,0.0,0.0,0.0,0.0,0.0,0.0,0.0,0.0,0.0,0.0,0.0,0.0,0.0,0.0,0.0,0.0,0.0,0.0,0.0,0.0,0.0,0.0,0.0,0.0,73161.0,35666.0,7741.0,27071.0,682.0,272.0,723.0,108987.0,0,0.0,108987.0
139,,0.0,0.0,0.0,0.0,0.0,0.0,0.0,0.0,0.0,0.0,0.0,0.0,0.0,0.0,0.0,0.0,0.0,73161.0,35666.0,7741.0,27071.0,682.0,272.0,723.0,94455.40000000001,0,0.0,94455.40000000001,,0.0,0.0,0.0,0.0,0.0,0.0,0.0,0.0,0.0,0.0,0.0,0.0,0.0,0.0,0.0,0.0,0.0,0.0,0.0,0.0,0.0,0.0,0.0,0.0,73161.0,35666.0,7741.0,27071.0,682.0,272.0,723.0,108987.0,0,0.0,108987.0
140,,0.0,0.0,0.0,0.0,0.0,0.0,0.0,0.0,0.0,0.0,0.0,0.0,0.0,0.0,0.0,0.0,0.0,73161.0,35666.0,7741.0,27071.0,682.0,272.0,723.0,94455.40000000001,0,0.0,94455.40000000001,,0.0,0.0,0.0,0.0,0.0,0.0,0.0,0.0,0.0,0.0,0.0,0.0,0.0,0.0,0.0,0.0,0.0,0.0,0.0,0.0,0.0,0.0,0.0,0.0,73161.0,35666.0,7741.0,27071.0,682.0,272.0,723.0,108987.0,0,0.0,108987.0
141,,0.0,0.0,0.0,0.0,0.0,0.0,0.0,0.0,0.0,0.0,0.0,0.0,0.0,0.0,0.0,0.0,0.0,73161.0,35666.0,7741.0,27071.0,682.0,272.0,723.0,94455.40000000001,0,0.0,94455.40000000001,,0.0,0.0,0.0,0.0,0.0,0.0,0.0,0.0,0.0,0.0,0.0,0.0,0.0,0.0,0.0,0.0,0.0,0.0,0.0,0.0,0.0,0.0,0.0,0.0,73161.0,35666.0,7741.0,27071.0,682.0,272.0,723.0,108987.0,0,0.0,108987.0
142,,0.0,0.0,0.0,0.0,0.0,0.0,0.0,0.0,0.0,0.0,0.0,0.0,0.0,0.0,0.0,0.0,0.0,73161.0,35666.0,7741.0,27071.0,682.0,272.0,723.0,94455.40000000001,0,0.0,94455.40000000001,,0.0,0.0,0.0,0.0,0.0,0.0,0.0,0.0,0.0,0.0,0.0,0.0,0.0,0.0,0.0,0.0,0.0,0.0,0.0,0.0,0.0,0.0,0.0,0.0,73161.0,35666.0,7741.0,27071.0,682.0,272.0,723.0,108987.0,0,0.0,108987.0
143,,0.0,0.0,0.0,0.0,0.0,0.0,0.0,0.0,0.0,0.0,0.0,0.0,0.0,0.0,0.0,0.0,0.0,73161.0,35666.0,7741.0,27071.0,682.0,272.0,723.0,94455.40000000001,0,0.0,94455.40000000001,,0.0,0.0,0.0,0.0,0.0,0.0,0.0,0.0,0.0,0.0,0.0,0.0,0.0,0.0,0.0,0.0,0.0,0.0,0.0,0.0,0.0,0.0,0.0,0.0,73161.0,35666.0,7741.0,27071.0,682.0,272.0,723.0,108987.0,0,0.0,108987.0
144,,0.0,0.0,0.0,0.0,0.0,0.0,0.0,0.0,0.0,0.0,0.0,0.0,0.0,0.0,0.0,0.0,0.0,73161.0,35666.0,7741.0,27071.0,682.0,272.0,723.0,94455.40000000001,0,0.0,94455.40000000001,,0.0,0.0,0.0,0.0,0.0,0.0,0.0,0.0,0.0,0.0,0.0,0.0,0.0,0.0,0.0,0.0,0.0,0.0,0.0,0.0,0.0,0.0,0.0,0.0,73161.0,35666.0,7741.0,27071.0,682.0,272.0,723.0,108987.0,0,0.0,108987.0
145,,0.0,0.0,0.0,0.0,0.0,0.0,0.0,0.0,0.0,0.0,0.0,0.0,0.0,0.0,0.0,0.0,0.0,73161.0,35666.0,7741.0,27071.0,682.0,272.0,723.0,94455.40000000001,0,0.0,94455.40000000001,,0.0,0.0,0.0,0.0,0.0,0.0,0.0,0.0,0.0,0.0,0.0,0.0,0.0,0.0,0.0,0.0,0.0,0.0,0.0,0.0,0.0,0.0,0.0,0.0,73161.0,35666.0,7741.0,27071.0,682.0,272.0,723.0,108987.0,0,0.0,108987.0
146,,0.0,0.0,0.0,0.0,0.0,0.0,0.0,0.0,0.0,0.0,0.0,0.0,0.0,0.0,0.0,0.0,0.0,73161.0,35666.0,7741.0,27071.0,682.0,272.0,723.0,94455.40000000001,0,0.0,94455.40000000001,,0.0,0.0,0.0,0.0,0.0,0.0,0.0,0.0,0.0,0.0,0.0,0.0,0.0,0.0,0.0,0.0,0.0,0.0,0.0,0.0,0.0,0.0,0.0,0.0,73161.0,35666.0,7741.0,27071.0,682.0,272.0,723.0,108987.0,0,0.0,108987.0
147,,0.0,0.0,0.0,0.0,0.0,0.0,0.0,0.0,0.0,0.0,0.0,0.0,0.0,0.0,0.0,0.0,0.0,73161.0,35666.0,7741.0,27071.0,682.0,272.0,723.0,94455.40000000001,0,0.0,94455.40000000001,,0.0,0.0,0.0,0.0,0.0,0.0,0.0,0.0,0.0,0.0,0.0,0.0,0.0,0.0,0.0,0.0,0.0,0.0,0.0,0.0,0.0,0.0,0.0,0.0,73161.0,35666.0,7741.0,27071.0,682.0,272.0,723.0,108987.0,0,0.0,108987.0
148,,0.0,0.0,0.0,0.0,0.0,0.0,0.0,0.0,0.0,0.0,0.0,0.0,0.0,0.0,0.0,0.0,0.0,73161.0,35666.0,7741.0,27071.0,682.0,272.0,723.0,94455.40000000001,0,0.0,94455.40000000001,,0.0,0.0,0.0,0.0,0.0,0.0,0.0,0.0,0.0,0.0,0.0,0.0,0.0,0.0,0.0,0.0,0.0,0.0,0.0,0.0,0.0,0.0,0.0,0.0,73161.0,35666.0,7741.0,27071.0,682.0,272.0,723.0,108987.0,0,0.0,108987.0
149,,0.0,0.0,0.0,0.0,0.0,0.0,0.0,0.0,0.0,0.0,0.0,0.0,0.0,0.0,0.0,0.0,0.0,73161.0,35666.0,7741.0,27071.0,682.0,272.0,723.0,94455.40000000001,0,0.0,94455.40000000001,,0.0,0.0,0.0,0.0,0.0,0.0,0.0,0.0,0.0,0.0,0.0,0.0,0.0,0.0,0.0,0.0,0.0,0.0,0.0,0.0,0.0,0.0,0.0,0.0,73161.0,35666.0,7741.0,27071.0,682.0,272.0,723.0,108987.0,0,0.0,108987.0
150,,0.0,0.0,0.0,0.0,0.0,0.0,0.0,0.0,0.0,0.0,0.0,0.0,0.0,0.0,0.0,0.0,0.0,73161.0,35666.0,7741.0,27071.0,682.0,272.0,723.0,94455.40000000001,0,0.0,94455.40000000001,,0.0,0.0,0.0,0.0,0.0,0.0,0.0,0.0,0.0,0.0,0.0,0.0,0.0,0.0,0.0,0.0,0.0,0.0,0.0,0.0,0.0,0.0,0.0,0.0,73161.0,35666.0,7741.0,27071.0,682.0,272.0,723.0,108987.0,0,0.0,108987.0
151,,0.0,0.0,0.0,0.0,0.0,0.0,0.0,0.0,0.0,0.0,0.0,0.0,0.0,0.0,0.0,0.0,0.0,73161.0,35666.0,7741.0,27071.0,682.0,272.0,723.0,94455.40000000001,0,0.0,94455.40000000001,,0.0,0.0,0.0,0.0,0.0,0.0,0.0,0.0,0.0,0.0,0.0,0.0,0.0,0.0,0.0,0.0,0.0,0.0,0.0,0.0,0.0,0.0,0.0,0.0,73161.0,35666.0,7741.0,27071.0,682.0,272.0,723.0,108987.0,0,0.0,108987.0
152,,0.0,0.0,0.0,0.0,0.0,0.0,0.0,0.0,0.0,0.0,0.0,0.0,0.0,0.0,0.0,0.0,0.0,73161.0,35666.0,7741.0,27071.0,682.0,272.0,723.0,94455.40000000001,0,0.0,94455.40000000001,,0.0,0.0,0.0,0.0,0.0,0.0,0.0,0.0,0.0,0.0,0.0,0.0,0.0,0.0,0.0,0.0,0.0,0.0,0.0,0.0,0.0,0.0,0.0,0.0,73161.0,35666.0,7741.0,27071.0,682.0,272.0,723.0,108987.0,0,0.0,108987.0
153,,0.0,0.0,0.0,0.0,0.0,0.0,0.0,0.0,0.0,0.0,0.0,0.0,0.0,0.0,0.0,0.0,0.0,73161.0,35666.0,7741.0,27071.0,682.0,272.0,723.0,94455.40000000001,0,0.0,94455.40000000001,,0.0,0.0,0.0,0.0,0.0,0.0,0.0,0.0,0.0,0.0,0.0,0.0,0.0,0.0,0.0,0.0,0.0,0.0,0.0,0.0,0.0,0.0,0.0,0.0,73161.0,35666.0,7741.0,27071.0,682.0,272.0,723.0,108987.0,0,0.0,108987.0
154,,0.0,0.0,0.0,0.0,0.0,0.0,0.0,0.0,0.0,0.0,0.0,0.0,0.0,0.0,0.0,0.0,0.0,73161.0,35666.0,7741.0,27071.0,682.0,272.0,723.0,94455.40000000001,0,0.0,94455.40000000001,,0.0,0.0,0.0,0.0,0.0,0.0,0.0,0.0,0.0,0.0,0.0,0.0,0.0,0.0,0.0,0.0,0.0,0.0,0.0,0.0,0.0,0.0,0.0,0.0,73161.0,35666.0,7741.0,27071.0,682.0,272.0,723.0,108987.0,0,0.0,108987.0
155,,0.0,0.0,0.0,0.0,0.0,0.0,0.0,0.0,0.0,0.0,0.0,0.0,0.0,0.0,0.0,0.0,0.0,73161.0,35666.0,7741.0,27071.0,682.0,272.0,723.0,94455.40000000001,0,0.0,94455.40000000001,,0.0,0.0,0.0,0.0,0.0,0.0,0.0,0.0,0.0,0.0,0.0,0.0,0.0,0.0,0.0,0.0,0.0,0.0,0.0,0.0,0.0,0.0,0.0,0.0,73161.0,35666.0,7741.0,27071.0,682.0,272.0,723.0,108987.0,0,0.0,108987.0
156,,0.0,0.0,0.0,0.0,0.0,0.0,0.0,0.0,0.0,0.0,0.0,0.0,0.0,0.0,0.0,0.0,0.0,73161.0,35666.0,7741.0,27071.0,682.0,272.0,723.0,94455.40000000001,0,0.0,94455.40000000001,,0.0,0.0,0.0,0.0,0.0,0.0,0.0,0.0,0.0,0.0,0.0,0.0,0.0,0.0,0.0,0.0,0.0,0.0,0.0,0.0,0.0,0.0,0.0,0.0,73161.0,35666.0,7741.0,27071.0,682.0,272.0,723.0,108987.0,0,0.0,108987.0
157,,0.0,0.0,0.0,0.0,0.0,0.0,0.0,0.0,0.0,0.0,0.0,0.0,0.0,0.0,0.0,0.0,0.0,73161.0,35666.0,7741.0,27071.0,682.0,272.0,723.0,94455.40000000001,0,0.0,94455.40000000001,,0.0,0.0,0.0,0.0,0.0,0.0,0.0,0.0,0.0,0.0,0.0,0.0,0.0,0.0,0.0,0.0,0.0,0.0,0.0,0.0,0.0,0.0,0.0,0.0,73161.0,35666.0,7741.0,27071.0,682.0,272.0,723.0,108987.0,0,0.0,108987.0
158,,0.0,0.0,0.0,0.0,0.0,0.0,0.0,0.0,0.0,0.0,0.0,0.0,0.0,0.0,0.0,0.0,0.0,73161.0,35666.0,7741.0,27071.0,682.0,272.0,723.0,94455.40000000001,0,0.0,94455.40000000001,,0.0,0.0,0.0,0.0,0.0,0.0,0.0,0.0,0.0,0.0,0.0,0.0,0.0,0.0,0.0,0.0,0.0,0.0,0.0,0.0,0.0,0.0,0.0,0.0,73161.0,35666.0,7741.0,27071.0,682.0,272.0,723.0,108987.0,0,0.0,108987.0
159,,0.0,0.0,0.0,0.0,0.0,0.0,0.0,0.0,0.0,0.0,0.0,0.0,0.0,0.0,0.0,0.0,0.0,73161.0,35666.0,7741.0,27071.0,682.0,272.0,723.0,94455.40000000001,0,0.0,94455.40000000001,,0.0,0.0,0.0,0.0,0.0,0.0,0.0,0.0,0.0,0.0,0.0,0.0,0.0,0.0,0.0,0.0,0.0,0.0,0.0,0.0,0.0,0.0,0.0,0.0,73161.0,35666.0,7741.0,27071.0,682.0,272.0,723.0,108987.0,0,0.0,108987.0
160,,0.0,0.0,0.0,0.0,0.0,0.0,0.0,0.0,0.0,0.0,0.0,0.0,0.0,0.0,0.0,0.0,0.0,73161.0,35666.0,7741.0,27071.0,682.0,272.0,723.0,94455.40000000001,0,0.0,94455.40000000001,,0.0,0.0,0.0,0.0,0.0,0.0,0.0,0.0,0.0,0.0,0.0,0.0,0.0,0.0,0.0,0.0,0.0,0.0,0.0,0.0,0.0,0.0,0.0,0.0,73161.0,35666.0,7741.0,27071.0,682.0,272.0,723.0,108987.0,0,0.0,108987.0
161,,0.0,0.0,0.0,0.0,0.0,0.0,0.0,0.0,0.0,0.0,0.0,0.0,0.0,0.0,0.0,0.0,0.0,73161.0,35666.0,7741.0,27071.0,682.0,272.0,723.0,94455.40000000001,0,0.0,94455.40000000001,,0.0,0.0,0.0,0.0,0.0,0.0,0.0,0.0,0.0,0.0,0.0,0.0,0.0,0.0,0.0,0.0,0.0,0.0,0.0,0.0,0.0,0.0,0.0,0.0,73161.0,35666.0,7741.0,27071.0,682.0,272.0,723.0,108987.0,0,0.0,108987.0
162,,0.0,0.0,0.0,0.0,0.0,0.0,0.0,0.0,0.0,0.0,0.0,0.0,0.0,0.0,0.0,0.0,0.0,73161.0,35666.0,7741.0,27071.0,682.0,272.0,723.0,94455.40000000001,0,0.0,94455.40000000001,,0.0,0.0,0.0,0.0,0.0,0.0,0.0,0.0,0.0,0.0,0.0,0.0,0.0,0.0,0.0,0.0,0.0,0.0,0.0,0.0,0.0,0.0,0.0,0.0,73161.0,35666.0,7741.0,27071.0,682.0,272.0,723.0,108987.0,0,0.0,108987.0
163,,0.0,0.0,0.0,0.0,0.0,0.0,0.0,0.0,0.0,0.0,0.0,0.0,0.0,0.0,0.0,0.0,0.0,73161.0,35666.0,7741.0,27071.0,682.0,272.0,723.0,94455.40000000001,0,0.0,94455.40000000001,,0.0,0.0,0.0,0.0,0.0,0.0,0.0,0.0,0.0,0.0,0.0,0.0,0.0,0.0,0.0,0.0,0.0,0.0,0.0,0.0,0.0,0.0,0.0,0.0,73161.0,35666.0,7741.0,27071.0,682.0,272.0,723.0,108987.0,0,0.0,108987.0
164,,0.0,0.0,0.0,0.0,0.0,0.0,0.0,0.0,0.0,0.0,0.0,0.0,0.0,0.0,0.0,0.0,0.0,73161.0,35666.0,7741.0,27071.0,682.0,272.0,723.0,94455.40000000001,0,0.0,94455.40000000001,,0.0,0.0,0.0,0.0,0.0,0.0,0.0,0.0,0.0,0.0,0.0,0.0,0.0,0.0,0.0,0.0,0.0,0.0,0.0,0.0,0.0,0.0,0.0,0.0,73161.0,35666.0,7741.0,27071.0,682.0,272.0,723.0,108987.0,0,0.0,108987.0
165,,0.0,0.0,0.0,0.0,0.0,0.0,0.0,0.0,0.0,0.0,0.0,0.0,0.0,0.0,0.0,0.0,0.0,73161.0,35666.0,7741.0,27071.0,682.0,272.0,723.0,94455.40000000001,0,0.0,94455.40000000001,,0.0,0.0,0.0,0.0,0.0,0.0,0.0,0.0,0.0,0.0,0.0,0.0,0.0,0.0,0.0,0.0,0.0,0.0,0.0,0.0,0.0,0.0,0.0,0.0,73161.0,35666.0,7741.0,27071.0,682.0,272.0,723.0,108987.0,0,0.0,108987.0
166,,0.0,0.0,0.0,0.0,0.0,0.0,0.0,0.0,0.0,0.0,0.0,0.0,0.0,0.0,0.0,0.0,0.0,73161.0,35666.0,7741.0,27071.0,682.0,272.0,723.0,94455.40000000001,0,0.0,94455.40000000001,,0.0,0.0,0.0,0.0,0.0,0.0,0.0,0.0,0.0,0.0,0.0,0.0,0.0,0.0,0.0,0.0,0.0,0.0,0.0,0.0,0.0,0.0,0.0,0.0,73161.0,35666.0,7741.0,27071.0,682.0,272.0,723.0,108987.0,0,0.0,108987.0
167,,0.0,0.0,0.0,0.0,0.0,0.0,0.0,0.0,0.0,0.0,0.0,0.0,0.0,0.0,0.0,0.0,0.0,73161.0,35666.0,7741.0,27071.0,682.0,272.0,723.0,94455.40000000001,0,0.0,94455.40000000001,,0.0,0.0,0.0,0.0,0.0,0.0,0.0,0.0,0.0,0.0,0.0,0.0,0.0,0.0,0.0,0.0,0.0,0.0,0.0,0.0,0.0,0.0,0.0,0.0,73161.0,35666.0,7741.0,27071.0,682.0,272.0,723.0,108987.0,0,0.0,108987.0
